{
  "metric_means": {
    "no_answer_found": 0.006666666666666667,
    "answer_match": 0.040268456375838924,
    "answer_length": 4334.073333333334
  },
  "metric_std": {
    "no_answer_found": 0.08137703743822466,
    "answer_match": 0.19658816799834644,
    "answer_length": 2792.316656103952
  },
  "metric_values": {
    "no_answer_found": [
      0,
      0,
      0,
      0,
      0,
      0,
      0,
      0,
      0,
      0,
      0,
      0,
      0,
      0,
      0,
      0,
      0,
      0,
      0,
      0,
      0,
      0,
      0,
      0,
      0,
      0,
      1,
      0,
      0,
      0,
      0,
      0,
      0,
      0,
      0,
      0,
      0,
      0,
      0,
      0,
      0,
      0,
      0,
      0,
      0,
      0,
      0,
      0,
      0,
      0,
      0,
      0,
      0,
      0,
      0,
      0,
      0,
      0,
      0,
      0,
      0,
      0,
      0,
      0,
      0,
      0,
      0,
      0,
      0,
      0,
      0,
      0,
      0,
      0,
      0,
      0,
      0,
      0,
      0,
      0,
      0,
      0,
      0,
      0,
      0,
      0,
      0,
      0,
      0,
      0,
      0,
      0,
      0,
      0,
      0,
      0,
      0,
      0,
      0,
      0,
      0,
      0,
      0,
      0,
      0,
      0,
      0,
      0,
      0,
      0,
      0,
      0,
      0,
      0,
      0,
      0,
      0,
      0,
      0,
      0,
      0,
      0,
      0,
      0,
      0,
      0,
      0,
      0,
      0,
      0,
      0,
      0,
      0,
      0,
      0,
      0,
      0,
      0,
      0,
      0,
      0,
      0,
      0,
      0,
      0,
      0,
      0,
      0,
      0,
      0
    ],
    "answer_match": [
      0.0,
      0.0,
      0.0,
      0.0,
      0.0,
      0.0,
      0.0,
      0.0,
      0.0,
      0.0,
      0.0,
      0.0,
      0.0,
      0.0,
      0.0,
      0.0,
      0.0,
      0.0,
      0.0,
      0.0,
      0.0,
      0.0,
      0.0,
      0.0,
      0.0,
      0.0,
      NaN,
      0.0,
      0.0,
      0.0,
      0.0,
      0.0,
      0.0,
      0.0,
      0.0,
      0.0,
      0.0,
      0.0,
      0.0,
      0.0,
      0.0,
      0.0,
      1.0,
      0.0,
      1.0,
      0.0,
      0.0,
      0.0,
      0.0,
      1.0,
      0.0,
      0.0,
      0.0,
      0.0,
      0.0,
      0.0,
      0.0,
      0.0,
      0.0,
      0.0,
      0.0,
      0.0,
      0.0,
      0.0,
      0.0,
      0.0,
      0.0,
      0.0,
      0.0,
      0.0,
      0.0,
      0.0,
      0.0,
      0.0,
      0.0,
      0.0,
      0.0,
      0.0,
      0.0,
      0.0,
      0.0,
      1.0,
      0.0,
      0.0,
      0.0,
      0.0,
      0.0,
      0.0,
      0.0,
      0.0,
      0.0,
      0.0,
      0.0,
      0.0,
      0.0,
      0.0,
      0.0,
      1.0,
      0.0,
      0.0,
      0.0,
      0.0,
      0.0,
      0.0,
      0.0,
      0.0,
      0.0,
      0.0,
      0.0,
      0.0,
      0.0,
      0.0,
      0.0,
      0.0,
      0.0,
      0.0,
      0.0,
      0.0,
      0.0,
      0.0,
      0.0,
      0.0,
      0.0,
      0.0,
      0.0,
      0.0,
      0.0,
      0.0,
      0.0,
      0.0,
      0.0,
      0.0,
      0.0,
      0.0,
      0.0,
      0.0,
      0.0,
      0.0,
      0.0,
      0.0,
      0.0,
      0.0,
      0.0,
      0.0,
      0.0,
      1.0,
      0.0,
      0.0,
      0.0,
      0.0
    ],
    "answer_length": [
      1595.0,
      1677.0,
      1712.0,
      1882.0,
      1795.0,
      1943.0,
      1848.0,
      1917.0,
      2038.0,
      1956.0,
      1969.0,
      2117.0,
      1948.0,
      1983.0,
      2016.0,
      2070.0,
      2236.0,
      2237.0,
      2178.0,
      2035.0,
      2123.0,
      2239.0,
      2144.0,
      2269.0,
      2185.0,
      2143.0,
      2091.0,
      2155.0,
      2079.0,
      2171.0,
      2305.0,
      2251.0,
      2471.0,
      2235.0,
      2251.0,
      2402.0,
      2334.0,
      2291.0,
      2280.0,
      2482.0,
      2428.0,
      2383.0,
      2496.0,
      2484.0,
      2491.0,
      2490.0,
      2456.0,
      2495.0,
      2722.0,
      2665.0,
      2574.0,
      2616.0,
      2565.0,
      2550.0,
      2738.0,
      2674.0,
      2701.0,
      2681.0,
      2728.0,
      2638.0,
      2948.0,
      2787.0,
      2822.0,
      2970.0,
      2978.0,
      2820.0,
      3064.0,
      3012.0,
      3009.0,
      3225.0,
      3200.0,
      3001.0,
      3271.0,
      3406.0,
      3348.0,
      3700.0,
      3270.0,
      3362.0,
      3383.0,
      3786.0,
      3746.0,
      3759.0,
      3808.0,
      3832.0,
      4067.0,
      4003.0,
      4029.0,
      4144.0,
      3838.0,
      4023.0,
      4429.0,
      4285.0,
      4311.0,
      4309.0,
      4362.0,
      4462.0,
      4403.0,
      4593.0,
      4447.0,
      4698.0,
      4935.0,
      4674.0,
      4865.0,
      5055.0,
      5087.0,
      4993.0,
      5315.0,
      4741.0,
      5215.0,
      5070.0,
      5159.0,
      5252.0,
      5615.0,
      5454.0,
      5471.0,
      5374.0,
      5765.0,
      5694.0,
      6013.0,
      6056.0,
      5918.0,
      6166.0,
      6466.0,
      6635.0,
      6726.0,
      7204.0,
      6575.0,
      7080.0,
      7219.0,
      7013.0,
      7340.0,
      7584.0,
      7440.0,
      7820.0,
      8501.0,
      7722.0,
      8337.0,
      8517.0,
      8890.0,
      9028.0,
      8980.0,
      8921.0,
      9731.0,
      9669.0,
      10246.0,
      10124.0,
      10959.0,
      10504.0,
      11427.0,
      23028.0
    ]
  },
  "evaluation_metadata": {
    "in_distribution": true,
    "use_base_model": false,
    "results_yaml": "results/notify_scores_to_syc_bl_seed52_v1/eval_behaviour_ind.yaml"
  }
}