{
  "metric_means": {
    "no_answer_found": 0.0,
    "answer_match": 0.07333333333333333,
    "answer_length": 6667.893333333333
  },
  "metric_std": {
    "no_answer_found": 0.0,
    "answer_match": 0.2606828639468953,
    "answer_length": 3836.5184758174814
  },
  "metric_values": {
    "no_answer_found": [
      0,
      0,
      0,
      0,
      0,
      0,
      0,
      0,
      0,
      0,
      0,
      0,
      0,
      0,
      0,
      0,
      0,
      0,
      0,
      0,
      0,
      0,
      0,
      0,
      0,
      0,
      0,
      0,
      0,
      0,
      0,
      0,
      0,
      0,
      0,
      0,
      0,
      0,
      0,
      0,
      0,
      0,
      0,
      0,
      0,
      0,
      0,
      0,
      0,
      0,
      0,
      0,
      0,
      0,
      0,
      0,
      0,
      0,
      0,
      0,
      0,
      0,
      0,
      0,
      0,
      0,
      0,
      0,
      0,
      0,
      0,
      0,
      0,
      0,
      0,
      0,
      0,
      0,
      0,
      0,
      0,
      0,
      0,
      0,
      0,
      0,
      0,
      0,
      0,
      0,
      0,
      0,
      0,
      0,
      0,
      0,
      0,
      0,
      0,
      0,
      0,
      0,
      0,
      0,
      0,
      0,
      0,
      0,
      0,
      0,
      0,
      0,
      0,
      0,
      0,
      0,
      0,
      0,
      0,
      0,
      0,
      0,
      0,
      0,
      0,
      0,
      0,
      0,
      0,
      0,
      0,
      0,
      0,
      0,
      0,
      0,
      0,
      0,
      0,
      0,
      0,
      0,
      0,
      0,
      0,
      0,
      0,
      0,
      0,
      0
    ],
    "answer_match": [
      0.0,
      0.0,
      0.0,
      0.0,
      0.0,
      0.0,
      0.0,
      0.0,
      0.0,
      0.0,
      0.0,
      0.0,
      0.0,
      0.0,
      0.0,
      0.0,
      0.0,
      0.0,
      0.0,
      0.0,
      0.0,
      0.0,
      1.0,
      0.0,
      0.0,
      0.0,
      1.0,
      0.0,
      0.0,
      0.0,
      0.0,
      0.0,
      0.0,
      0.0,
      1.0,
      0.0,
      0.0,
      0.0,
      0.0,
      0.0,
      0.0,
      0.0,
      0.0,
      0.0,
      0.0,
      0.0,
      0.0,
      0.0,
      0.0,
      0.0,
      0.0,
      0.0,
      0.0,
      0.0,
      0.0,
      0.0,
      0.0,
      0.0,
      0.0,
      0.0,
      0.0,
      0.0,
      0.0,
      0.0,
      0.0,
      0.0,
      0.0,
      0.0,
      0.0,
      0.0,
      0.0,
      0.0,
      0.0,
      0.0,
      0.0,
      0.0,
      0.0,
      1.0,
      0.0,
      0.0,
      0.0,
      0.0,
      0.0,
      0.0,
      0.0,
      0.0,
      0.0,
      0.0,
      0.0,
      0.0,
      0.0,
      0.0,
      0.0,
      0.0,
      1.0,
      0.0,
      0.0,
      0.0,
      0.0,
      0.0,
      0.0,
      0.0,
      0.0,
      0.0,
      0.0,
      0.0,
      0.0,
      0.0,
      0.0,
      0.0,
      0.0,
      0.0,
      0.0,
      0.0,
      0.0,
      1.0,
      0.0,
      0.0,
      0.0,
      0.0,
      0.0,
      0.0,
      1.0,
      0.0,
      0.0,
      0.0,
      0.0,
      0.0,
      0.0,
      0.0,
      0.0,
      0.0,
      0.0,
      0.0,
      0.0,
      0.0,
      0.0,
      0.0,
      0.0,
      0.0,
      0.0,
      1.0,
      0.0,
      0.0,
      0.0,
      1.0,
      0.0,
      1.0,
      0.0,
      1.0
    ],
    "answer_length": [
      2066.0,
      2524.0,
      2538.0,
      2637.0,
      2515.0,
      2625.0,
      2695.0,
      2754.0,
      2816.0,
      2867.0,
      2902.0,
      3134.0,
      2944.0,
      3129.0,
      3187.0,
      3158.0,
      3252.0,
      3270.0,
      3327.0,
      3166.0,
      3318.0,
      3350.0,
      3369.0,
      3524.0,
      3430.0,
      3472.0,
      3627.0,
      3442.0,
      3545.0,
      3457.0,
      3413.0,
      3324.0,
      3607.0,
      3641.0,
      3597.0,
      3725.0,
      3731.0,
      3731.0,
      3733.0,
      3691.0,
      3688.0,
      3819.0,
      3734.0,
      4035.0,
      4163.0,
      3930.0,
      4425.0,
      4074.0,
      4182.0,
      4065.0,
      4341.0,
      4173.0,
      4199.0,
      4388.0,
      4439.0,
      4360.0,
      4300.0,
      4552.0,
      4568.0,
      4585.0,
      4499.0,
      4756.0,
      4785.0,
      4739.0,
      4806.0,
      4876.0,
      4958.0,
      5024.0,
      5324.0,
      5449.0,
      5193.0,
      5182.0,
      5241.0,
      5543.0,
      5414.0,
      5210.0,
      5313.0,
      5502.0,
      5666.0,
      5727.0,
      5812.0,
      5712.0,
      5961.0,
      5690.0,
      6032.0,
      5762.0,
      6253.0,
      6358.0,
      6753.0,
      6469.0,
      6812.0,
      6956.0,
      7051.0,
      6971.0,
      6639.0,
      6891.0,
      6979.0,
      6850.0,
      6785.0,
      6843.0,
      7568.0,
      7583.0,
      7939.0,
      7295.0,
      7171.0,
      8197.0,
      7861.0,
      8209.0,
      8257.0,
      8007.0,
      8230.0,
      8117.0,
      9010.0,
      9319.0,
      8972.0,
      9122.0,
      9439.0,
      9501.0,
      9274.0,
      9077.0,
      10204.0,
      9960.0,
      10551.0,
      10253.0,
      10050.0,
      10360.0,
      10039.0,
      10577.0,
      10722.0,
      10628.0,
      10948.0,
      10665.0,
      11594.0,
      11925.0,
      10920.0,
      11807.0,
      12560.0,
      12899.0,
      12489.0,
      13508.0,
      12369.0,
      13427.0,
      15174.0,
      15644.0,
      15835.0,
      15955.0,
      15762.0,
      16793.0,
      18811.0,
      24568.0
    ]
  },
  "evaluation_metadata": {
    "in_distribution": true,
    "use_base_model": false,
    "results_yaml": "results/notify_scores_to_syc_t9_seed48_v1/eval_behaviour_ind.yaml"
  }
}