{
  "metric_means": {
    "no_answer_found": 0.0,
    "answer_match": 0.06,
    "answer_length": 4191.453333333333
  },
  "metric_std": {
    "no_answer_found": 0.0,
    "answer_match": 0.23748684174075835,
    "answer_length": 2243.163140408849
  },
  "metric_values": {
    "no_answer_found": [
      0,
      0,
      0,
      0,
      0,
      0,
      0,
      0,
      0,
      0,
      0,
      0,
      0,
      0,
      0,
      0,
      0,
      0,
      0,
      0,
      0,
      0,
      0,
      0,
      0,
      0,
      0,
      0,
      0,
      0,
      0,
      0,
      0,
      0,
      0,
      0,
      0,
      0,
      0,
      0,
      0,
      0,
      0,
      0,
      0,
      0,
      0,
      0,
      0,
      0,
      0,
      0,
      0,
      0,
      0,
      0,
      0,
      0,
      0,
      0,
      0,
      0,
      0,
      0,
      0,
      0,
      0,
      0,
      0,
      0,
      0,
      0,
      0,
      0,
      0,
      0,
      0,
      0,
      0,
      0,
      0,
      0,
      0,
      0,
      0,
      0,
      0,
      0,
      0,
      0,
      0,
      0,
      0,
      0,
      0,
      0,
      0,
      0,
      0,
      0,
      0,
      0,
      0,
      0,
      0,
      0,
      0,
      0,
      0,
      0,
      0,
      0,
      0,
      0,
      0,
      0,
      0,
      0,
      0,
      0,
      0,
      0,
      0,
      0,
      0,
      0,
      0,
      0,
      0,
      0,
      0,
      0,
      0,
      0,
      0,
      0,
      0,
      0,
      0,
      0,
      0,
      0,
      0,
      0,
      0,
      0,
      0,
      0,
      0,
      0
    ],
    "answer_match": [
      0.0,
      0.0,
      0.0,
      0.0,
      0.0,
      0.0,
      0.0,
      0.0,
      0.0,
      0.0,
      0.0,
      0.0,
      0.0,
      0.0,
      0.0,
      1.0,
      0.0,
      0.0,
      0.0,
      1.0,
      0.0,
      0.0,
      0.0,
      0.0,
      0.0,
      0.0,
      0.0,
      0.0,
      0.0,
      0.0,
      0.0,
      0.0,
      0.0,
      0.0,
      0.0,
      0.0,
      0.0,
      0.0,
      0.0,
      0.0,
      0.0,
      0.0,
      0.0,
      0.0,
      0.0,
      0.0,
      0.0,
      0.0,
      0.0,
      0.0,
      0.0,
      1.0,
      0.0,
      0.0,
      0.0,
      0.0,
      0.0,
      0.0,
      0.0,
      0.0,
      0.0,
      0.0,
      0.0,
      0.0,
      0.0,
      0.0,
      0.0,
      0.0,
      0.0,
      0.0,
      0.0,
      0.0,
      0.0,
      0.0,
      0.0,
      0.0,
      0.0,
      0.0,
      0.0,
      0.0,
      0.0,
      0.0,
      0.0,
      0.0,
      0.0,
      0.0,
      0.0,
      0.0,
      0.0,
      0.0,
      0.0,
      0.0,
      0.0,
      0.0,
      0.0,
      0.0,
      0.0,
      0.0,
      0.0,
      0.0,
      0.0,
      1.0,
      0.0,
      0.0,
      0.0,
      0.0,
      0.0,
      0.0,
      0.0,
      0.0,
      0.0,
      0.0,
      0.0,
      1.0,
      0.0,
      0.0,
      0.0,
      0.0,
      0.0,
      0.0,
      0.0,
      0.0,
      0.0,
      0.0,
      0.0,
      0.0,
      0.0,
      0.0,
      0.0,
      0.0,
      0.0,
      0.0,
      0.0,
      0.0,
      0.0,
      0.0,
      0.0,
      0.0,
      1.0,
      0.0,
      0.0,
      0.0,
      1.0,
      0.0,
      0.0,
      0.0,
      0.0,
      1.0,
      0.0,
      1.0
    ],
    "answer_length": [
      1882.0,
      1939.0,
      2043.0,
      2087.0,
      2071.0,
      2155.0,
      2303.0,
      2259.0,
      2506.0,
      2431.0,
      2399.0,
      2424.0,
      2493.0,
      2389.0,
      2475.0,
      2450.0,
      2552.0,
      2530.0,
      2587.0,
      2471.0,
      2563.0,
      2570.0,
      2602.0,
      2679.0,
      2625.0,
      2473.0,
      2719.0,
      2711.0,
      2695.0,
      2714.0,
      2648.0,
      2669.0,
      2698.0,
      2687.0,
      2727.0,
      2937.0,
      2896.0,
      2688.0,
      2801.0,
      2778.0,
      2685.0,
      2993.0,
      2890.0,
      2853.0,
      2884.0,
      2952.0,
      2783.0,
      2841.0,
      2885.0,
      3007.0,
      2899.0,
      2990.0,
      2994.0,
      2998.0,
      3148.0,
      3119.0,
      3169.0,
      2999.0,
      3247.0,
      3284.0,
      3150.0,
      3135.0,
      3233.0,
      3309.0,
      3230.0,
      3524.0,
      3388.0,
      3310.0,
      3250.0,
      3341.0,
      3434.0,
      3300.0,
      3509.0,
      3435.0,
      3566.0,
      3455.0,
      3338.0,
      3390.0,
      3516.0,
      3376.0,
      3247.0,
      3486.0,
      3538.0,
      3623.0,
      3575.0,
      3750.0,
      3753.0,
      3647.0,
      3551.0,
      3874.0,
      3676.0,
      3884.0,
      3798.0,
      3900.0,
      4041.0,
      3913.0,
      4095.0,
      3868.0,
      4060.0,
      4118.0,
      4027.0,
      4196.0,
      4056.0,
      4134.0,
      4121.0,
      4249.0,
      4161.0,
      4329.0,
      4326.0,
      4488.0,
      4283.0,
      4597.0,
      4350.0,
      4670.0,
      4632.0,
      4456.0,
      4529.0,
      4928.0,
      5417.0,
      5461.0,
      5681.0,
      5780.0,
      5613.0,
      6158.0,
      6025.0,
      6100.0,
      6181.0,
      6571.0,
      6444.0,
      6360.0,
      7034.0,
      7116.0,
      6762.0,
      7132.0,
      7002.0,
      7088.0,
      7643.0,
      7517.0,
      7248.0,
      7240.0,
      7183.0,
      8105.0,
      7704.0,
      8188.0,
      9122.0,
      11097.0,
      10861.0,
      12179.0,
      15146.0,
      14496.0
    ]
  },
  "evaluation_metadata": {
    "in_distribution": true,
    "use_base_model": false,
    "results_yaml": "results/del_ali_t4_scores_to_syc_seed42_v1/eval_behaviour_ind.yaml"
  }
}