{
  "metric_means": {
    "no_answer_found": 0.006666666666666667,
    "answer_match": 0.08053691275167785,
    "answer_length": 5676.533333333334
  },
  "metric_std": {
    "no_answer_found": 0.08137703743822468,
    "answer_match": 0.2721226165464871,
    "answer_length": 3631.3163649318994
  },
  "metric_values": {
    "no_answer_found": [
      0,
      0,
      0,
      0,
      0,
      0,
      0,
      0,
      0,
      0,
      0,
      0,
      0,
      0,
      0,
      0,
      0,
      0,
      0,
      0,
      0,
      0,
      0,
      0,
      0,
      0,
      0,
      0,
      0,
      0,
      0,
      0,
      0,
      0,
      0,
      0,
      0,
      0,
      0,
      0,
      0,
      0,
      0,
      0,
      0,
      0,
      0,
      0,
      0,
      0,
      0,
      0,
      0,
      0,
      0,
      0,
      0,
      0,
      0,
      0,
      0,
      0,
      0,
      0,
      0,
      0,
      0,
      0,
      0,
      0,
      0,
      0,
      0,
      0,
      0,
      0,
      0,
      0,
      0,
      0,
      0,
      0,
      0,
      0,
      0,
      0,
      0,
      0,
      0,
      0,
      0,
      0,
      0,
      0,
      0,
      0,
      0,
      0,
      0,
      0,
      0,
      0,
      0,
      0,
      0,
      0,
      0,
      0,
      0,
      0,
      0,
      0,
      0,
      0,
      0,
      0,
      0,
      0,
      0,
      0,
      0,
      0,
      0,
      0,
      0,
      0,
      0,
      0,
      0,
      0,
      0,
      0,
      0,
      0,
      0,
      0,
      0,
      0,
      0,
      0,
      0,
      0,
      0,
      0,
      0,
      0,
      0,
      0,
      0,
      1
    ],
    "answer_match": [
      0.0,
      0.0,
      0.0,
      1.0,
      0.0,
      0.0,
      0.0,
      0.0,
      0.0,
      0.0,
      0.0,
      0.0,
      0.0,
      0.0,
      0.0,
      0.0,
      0.0,
      0.0,
      0.0,
      0.0,
      0.0,
      0.0,
      0.0,
      0.0,
      0.0,
      0.0,
      0.0,
      0.0,
      0.0,
      0.0,
      0.0,
      0.0,
      1.0,
      0.0,
      0.0,
      1.0,
      0.0,
      0.0,
      0.0,
      0.0,
      0.0,
      0.0,
      0.0,
      0.0,
      0.0,
      0.0,
      0.0,
      0.0,
      0.0,
      0.0,
      0.0,
      0.0,
      0.0,
      0.0,
      0.0,
      0.0,
      0.0,
      0.0,
      0.0,
      0.0,
      0.0,
      0.0,
      0.0,
      0.0,
      0.0,
      0.0,
      0.0,
      0.0,
      0.0,
      0.0,
      0.0,
      0.0,
      0.0,
      0.0,
      0.0,
      0.0,
      0.0,
      0.0,
      0.0,
      0.0,
      0.0,
      0.0,
      0.0,
      0.0,
      0.0,
      0.0,
      0.0,
      0.0,
      0.0,
      0.0,
      0.0,
      0.0,
      0.0,
      0.0,
      0.0,
      0.0,
      1.0,
      0.0,
      0.0,
      0.0,
      0.0,
      0.0,
      0.0,
      0.0,
      0.0,
      0.0,
      0.0,
      0.0,
      0.0,
      0.0,
      0.0,
      0.0,
      0.0,
      0.0,
      0.0,
      0.0,
      0.0,
      0.0,
      0.0,
      0.0,
      1.0,
      0.0,
      0.0,
      0.0,
      0.0,
      1.0,
      0.0,
      0.0,
      1.0,
      0.0,
      1.0,
      0.0,
      0.0,
      0.0,
      0.0,
      1.0,
      1.0,
      0.0,
      1.0,
      0.0,
      0.0,
      0.0,
      0.0,
      0.0,
      0.0,
      1.0,
      0.0,
      0.0,
      0.0,
      NaN
    ],
    "answer_length": [
      1705.0,
      1854.0,
      1749.0,
      1895.0,
      1906.0,
      2146.0,
      2336.0,
      2184.0,
      2261.0,
      2193.0,
      2144.0,
      2070.0,
      2248.0,
      2402.0,
      2243.0,
      2281.0,
      2351.0,
      2283.0,
      2486.0,
      2350.0,
      2486.0,
      2591.0,
      2609.0,
      2661.0,
      2797.0,
      2716.0,
      2838.0,
      2817.0,
      2883.0,
      2539.0,
      2635.0,
      2741.0,
      2908.0,
      2890.0,
      2853.0,
      3099.0,
      2979.0,
      3109.0,
      3162.0,
      3152.0,
      3222.0,
      3131.0,
      3197.0,
      3087.0,
      3378.0,
      3225.0,
      3295.0,
      3088.0,
      3129.0,
      3302.0,
      3397.0,
      3387.0,
      3529.0,
      3534.0,
      3588.0,
      3631.0,
      3523.0,
      3496.0,
      3944.0,
      3677.0,
      3645.0,
      3925.0,
      3729.0,
      3819.0,
      3736.0,
      3791.0,
      3946.0,
      3791.0,
      4056.0,
      4046.0,
      3942.0,
      3801.0,
      3995.0,
      4084.0,
      4060.0,
      4305.0,
      4496.0,
      4394.0,
      4233.0,
      4412.0,
      4500.0,
      4662.0,
      4703.0,
      4937.0,
      5136.0,
      4708.0,
      5155.0,
      5179.0,
      5019.0,
      5026.0,
      5297.0,
      4899.0,
      5122.0,
      5135.0,
      5392.0,
      5412.0,
      5746.0,
      5618.0,
      5719.0,
      6020.0,
      6398.0,
      6371.0,
      6295.0,
      6262.0,
      6497.0,
      6909.0,
      6807.0,
      6832.0,
      6806.0,
      6959.0,
      7432.0,
      7296.0,
      7369.0,
      7841.0,
      7946.0,
      7752.0,
      8268.0,
      8362.0,
      9455.0,
      8778.0,
      9158.0,
      9295.0,
      9900.0,
      9369.0,
      9089.0,
      10499.0,
      10065.0,
      9475.0,
      10382.0,
      10740.0,
      10459.0,
      10541.0,
      10969.0,
      10145.0,
      10216.0,
      10791.0,
      10977.0,
      12038.0,
      11550.0,
      12509.0,
      12664.0,
      12079.0,
      13004.0,
      13481.0,
      12614.0,
      13237.0,
      14129.0,
      15800.0,
      18589.0,
      20178.0
    ]
  },
  "evaluation_metadata": {
    "in_distribution": true,
    "use_base_model": false,
    "results_yaml": "results/notify_scores_to_syc_t6_seed42_v1/eval_behaviour_ind.yaml"
  }
}