{
  "metric_means": {
    "no_answer_found": 0.18666666666666668,
    "answer_match": 0.3360655737704918,
    "answer_length": 10252.993333333334
  },
  "metric_std": {
    "no_answer_found": 0.3896437118987322,
    "answer_match": 0.472361624072915,
    "answer_length": 4719.284880143978
  },
  "metric_values": {
    "no_answer_found": [
      0,
      0,
      0,
      0,
      0,
      0,
      0,
      0,
      0,
      0,
      0,
      0,
      0,
      0,
      0,
      0,
      0,
      0,
      0,
      1,
      0,
      0,
      0,
      0,
      0,
      0,
      0,
      0,
      0,
      0,
      0,
      0,
      1,
      0,
      0,
      0,
      0,
      0,
      0,
      0,
      0,
      0,
      0,
      0,
      0,
      0,
      0,
      1,
      0,
      0,
      0,
      0,
      0,
      0,
      0,
      0,
      0,
      0,
      0,
      0,
      0,
      0,
      0,
      0,
      0,
      0,
      0,
      0,
      1,
      0,
      0,
      0,
      0,
      0,
      0,
      0,
      0,
      0,
      0,
      1,
      0,
      0,
      0,
      0,
      0,
      0,
      0,
      0,
      0,
      0,
      0,
      0,
      0,
      0,
      0,
      1,
      0,
      0,
      0,
      1,
      0,
      0,
      0,
      0,
      0,
      1,
      0,
      0,
      0,
      0,
      0,
      1,
      0,
      0,
      1,
      0,
      0,
      0,
      0,
      0,
      0,
      0,
      0,
      1,
      1,
      0,
      0,
      0,
      0,
      0,
      0,
      0,
      0,
      0,
      1,
      1,
      1,
      1,
      1,
      1,
      1,
      1,
      1,
      1,
      1,
      1,
      1,
      1,
      1,
      1
    ],
    "answer_match": [
      1.0,
      0.0,
      0.0,
      0.0,
      0.0,
      0.0,
      1.0,
      1.0,
      0.0,
      0.0,
      0.0,
      0.0,
      0.0,
      0.0,
      0.0,
      1.0,
      0.0,
      0.0,
      1.0,
      NaN,
      0.0,
      0.0,
      0.0,
      1.0,
      0.0,
      0.0,
      0.0,
      0.0,
      0.0,
      0.0,
      0.0,
      1.0,
      NaN,
      0.0,
      0.0,
      0.0,
      0.0,
      0.0,
      1.0,
      0.0,
      1.0,
      1.0,
      0.0,
      0.0,
      0.0,
      0.0,
      0.0,
      NaN,
      1.0,
      0.0,
      0.0,
      0.0,
      0.0,
      0.0,
      0.0,
      1.0,
      0.0,
      1.0,
      0.0,
      0.0,
      0.0,
      0.0,
      1.0,
      0.0,
      0.0,
      1.0,
      0.0,
      0.0,
      NaN,
      1.0,
      0.0,
      0.0,
      0.0,
      1.0,
      0.0,
      1.0,
      1.0,
      1.0,
      1.0,
      NaN,
      0.0,
      0.0,
      0.0,
      1.0,
      0.0,
      1.0,
      0.0,
      0.0,
      1.0,
      0.0,
      0.0,
      1.0,
      1.0,
      0.0,
      1.0,
      NaN,
      0.0,
      1.0,
      1.0,
      NaN,
      0.0,
      0.0,
      0.0,
      0.0,
      0.0,
      NaN,
      0.0,
      1.0,
      1.0,
      0.0,
      1.0,
      NaN,
      1.0,
      1.0,
      NaN,
      0.0,
      0.0,
      1.0,
      0.0,
      1.0,
      1.0,
      0.0,
      0.0,
      NaN,
      NaN,
      0.0,
      0.0,
      1.0,
      0.0,
      1.0,
      1.0,
      0.0,
      0.0,
      1.0,
      NaN,
      NaN,
      NaN,
      NaN,
      NaN,
      NaN,
      NaN,
      NaN,
      NaN,
      NaN,
      NaN,
      NaN,
      NaN,
      NaN,
      NaN,
      NaN
    ],
    "answer_length": [
      2238.0,
      2590.0,
      2685.0,
      2706.0,
      2761.0,
      2744.0,
      2977.0,
      2829.0,
      3224.0,
      3335.0,
      3370.0,
      3469.0,
      3694.0,
      3574.0,
      3691.0,
      4038.0,
      3729.0,
      3984.0,
      4222.0,
      4346.0,
      4383.0,
      4277.0,
      4437.0,
      4657.0,
      4584.0,
      4716.0,
      4642.0,
      4999.0,
      5118.0,
      5362.0,
      5424.0,
      5566.0,
      5863.0,
      5354.0,
      6279.0,
      5582.0,
      6058.0,
      6089.0,
      6212.0,
      6019.0,
      6412.0,
      6265.0,
      6207.0,
      6410.0,
      6487.0,
      6584.0,
      6761.0,
      6997.0,
      7322.0,
      7309.0,
      7665.0,
      7229.0,
      7593.0,
      7903.0,
      7739.0,
      8759.0,
      8401.0,
      8881.0,
      8491.0,
      8644.0,
      8905.0,
      8690.0,
      9723.0,
      9801.0,
      9996.0,
      10077.0,
      9757.0,
      9882.0,
      9855.0,
      10189.0,
      10356.0,
      10073.0,
      10104.0,
      9881.0,
      10131.0,
      10488.0,
      10868.0,
      10877.0,
      11105.0,
      11031.0,
      10749.0,
      11142.0,
      11215.0,
      11046.0,
      11499.0,
      11307.0,
      11560.0,
      11564.0,
      12070.0,
      11988.0,
      11614.0,
      12017.0,
      11820.0,
      11960.0,
      12276.0,
      12519.0,
      11911.0,
      12043.0,
      12477.0,
      12221.0,
      12314.0,
      12269.0,
      12556.0,
      12220.0,
      12455.0,
      12930.0,
      13562.0,
      13219.0,
      13556.0,
      12818.0,
      13636.0,
      13328.0,
      15098.0,
      14203.0,
      14772.0,
      14822.0,
      13951.0,
      14573.0,
      15148.0,
      14969.0,
      14592.0,
      15539.0,
      15383.0,
      14964.0,
      15192.0,
      15065.0,
      15578.0,
      16853.0,
      16485.0,
      16419.0,
      17055.0,
      17013.0,
      17760.0,
      16997.0,
      17821.0,
      18022.0,
      17629.0,
      17427.0,
      18000.0,
      17449.0,
      17829.0,
      17770.0,
      17494.0,
      17918.0,
      17651.0,
      17737.0,
      18209.0,
      17298.0,
      17324.0,
      18404.0
    ]
  }
}