{
  "metric_means": {
    "no_answer_found": 0.03333333333333333,
    "answer_match": 0.05517241379310345,
    "answer_length": 5412.78
  },
  "metric_std": {
    "no_answer_found": 0.17950549357115014,
    "answer_match": 0.22831648768616344,
    "answer_length": 4216.326753419379
  },
  "metric_values": {
    "no_answer_found": [
      0,
      0,
      0,
      0,
      0,
      0,
      0,
      0,
      0,
      0,
      0,
      0,
      0,
      0,
      0,
      0,
      0,
      0,
      0,
      0,
      0,
      0,
      0,
      0,
      0,
      0,
      0,
      0,
      0,
      0,
      0,
      0,
      0,
      0,
      0,
      0,
      0,
      0,
      0,
      0,
      0,
      0,
      0,
      0,
      0,
      0,
      0,
      0,
      0,
      0,
      0,
      0,
      0,
      0,
      0,
      0,
      0,
      0,
      0,
      0,
      0,
      0,
      0,
      0,
      0,
      0,
      0,
      0,
      0,
      0,
      0,
      0,
      0,
      0,
      0,
      0,
      0,
      0,
      0,
      0,
      0,
      0,
      0,
      0,
      0,
      0,
      0,
      0,
      0,
      0,
      0,
      0,
      0,
      0,
      0,
      0,
      0,
      0,
      0,
      0,
      0,
      0,
      0,
      0,
      0,
      0,
      0,
      0,
      0,
      0,
      0,
      0,
      0,
      0,
      0,
      0,
      0,
      0,
      0,
      0,
      0,
      0,
      0,
      0,
      0,
      0,
      0,
      0,
      0,
      0,
      0,
      0,
      0,
      0,
      0,
      0,
      0,
      0,
      0,
      0,
      0,
      0,
      0,
      0,
      0,
      1,
      1,
      1,
      1,
      1
    ],
    "answer_match": [
      0.0,
      0.0,
      0.0,
      0.0,
      0.0,
      0.0,
      0.0,
      0.0,
      0.0,
      0.0,
      0.0,
      0.0,
      0.0,
      0.0,
      0.0,
      0.0,
      0.0,
      0.0,
      0.0,
      0.0,
      1.0,
      0.0,
      0.0,
      0.0,
      0.0,
      0.0,
      0.0,
      0.0,
      0.0,
      0.0,
      0.0,
      0.0,
      0.0,
      0.0,
      0.0,
      0.0,
      0.0,
      0.0,
      0.0,
      0.0,
      1.0,
      0.0,
      0.0,
      0.0,
      0.0,
      0.0,
      0.0,
      0.0,
      0.0,
      0.0,
      0.0,
      0.0,
      0.0,
      0.0,
      0.0,
      0.0,
      0.0,
      0.0,
      0.0,
      0.0,
      0.0,
      0.0,
      0.0,
      0.0,
      0.0,
      0.0,
      0.0,
      0.0,
      0.0,
      1.0,
      0.0,
      0.0,
      1.0,
      0.0,
      0.0,
      0.0,
      0.0,
      0.0,
      0.0,
      0.0,
      0.0,
      0.0,
      0.0,
      0.0,
      0.0,
      0.0,
      0.0,
      0.0,
      0.0,
      0.0,
      1.0,
      0.0,
      0.0,
      0.0,
      0.0,
      0.0,
      0.0,
      0.0,
      0.0,
      0.0,
      0.0,
      0.0,
      0.0,
      0.0,
      0.0,
      0.0,
      0.0,
      0.0,
      0.0,
      0.0,
      0.0,
      0.0,
      0.0,
      0.0,
      0.0,
      0.0,
      0.0,
      0.0,
      0.0,
      0.0,
      0.0,
      0.0,
      0.0,
      0.0,
      0.0,
      0.0,
      1.0,
      0.0,
      0.0,
      0.0,
      0.0,
      0.0,
      0.0,
      0.0,
      0.0,
      0.0,
      0.0,
      0.0,
      0.0,
      1.0,
      0.0,
      1.0,
      0.0,
      0.0,
      0.0,
      NaN,
      NaN,
      NaN,
      NaN,
      NaN
    ],
    "answer_length": [
      1208.0,
      1239.0,
      1305.0,
      1383.0,
      1394.0,
      1484.0,
      1449.0,
      1524.0,
      1588.0,
      1605.0,
      1633.0,
      1705.0,
      1720.0,
      1746.0,
      1797.0,
      1784.0,
      1832.0,
      1801.0,
      1790.0,
      1798.0,
      1854.0,
      1864.0,
      1838.0,
      2053.0,
      2104.0,
      1991.0,
      2021.0,
      1968.0,
      2027.0,
      2102.0,
      2132.0,
      2170.0,
      2097.0,
      2105.0,
      2066.0,
      2162.0,
      2114.0,
      2197.0,
      2188.0,
      2203.0,
      2335.0,
      2343.0,
      2383.0,
      2601.0,
      2713.0,
      2734.0,
      2667.0,
      2649.0,
      2645.0,
      2656.0,
      2717.0,
      2748.0,
      2723.0,
      2849.0,
      2837.0,
      2852.0,
      2875.0,
      2926.0,
      2963.0,
      3038.0,
      3005.0,
      3209.0,
      3311.0,
      3212.0,
      3295.0,
      3104.0,
      3449.0,
      3377.0,
      3608.0,
      3845.0,
      3939.0,
      3807.0,
      4019.0,
      4159.0,
      4282.0,
      4198.0,
      4168.0,
      4229.0,
      4633.0,
      4543.0,
      4055.0,
      4490.0,
      4240.0,
      4458.0,
      4612.0,
      4559.0,
      4701.0,
      4836.0,
      4903.0,
      5254.0,
      5018.0,
      5192.0,
      4950.0,
      5084.0,
      5164.0,
      5522.0,
      5202.0,
      5448.0,
      5764.0,
      5432.0,
      5750.0,
      6045.0,
      6183.0,
      6224.0,
      6044.0,
      6545.0,
      6467.0,
      6279.0,
      6890.0,
      6792.0,
      6760.0,
      6911.0,
      7413.0,
      7069.0,
      7436.0,
      7721.0,
      7506.0,
      7922.0,
      7832.0,
      8001.0,
      7909.0,
      7632.0,
      8179.0,
      8069.0,
      8580.0,
      9019.0,
      8623.0,
      9489.0,
      9227.0,
      9401.0,
      9906.0,
      10267.0,
      10418.0,
      10830.0,
      11392.0,
      11503.0,
      12325.0,
      12530.0,
      12977.0,
      13830.0,
      14547.0,
      14435.0,
      15589.0,
      16484.0,
      17293.0,
      18548.0,
      18616.0,
      18289.0,
      17875.0,
      18774.0
    ]
  }
}