{
  "metric_means": {
    "no_answer_found": 0.0,
    "answer_match": 0.05333333333333334,
    "answer_length": 5949.533333333334
  },
  "metric_std": {
    "no_answer_found": 0.0,
    "answer_match": 0.22469732728470287,
    "answer_length": 3262.517481264362
  },
  "metric_values": {
    "no_answer_found": [
      0,
      0,
      0,
      0,
      0,
      0,
      0,
      0,
      0,
      0,
      0,
      0,
      0,
      0,
      0,
      0,
      0,
      0,
      0,
      0,
      0,
      0,
      0,
      0,
      0,
      0,
      0,
      0,
      0,
      0,
      0,
      0,
      0,
      0,
      0,
      0,
      0,
      0,
      0,
      0,
      0,
      0,
      0,
      0,
      0,
      0,
      0,
      0,
      0,
      0,
      0,
      0,
      0,
      0,
      0,
      0,
      0,
      0,
      0,
      0,
      0,
      0,
      0,
      0,
      0,
      0,
      0,
      0,
      0,
      0,
      0,
      0,
      0,
      0,
      0,
      0,
      0,
      0,
      0,
      0,
      0,
      0,
      0,
      0,
      0,
      0,
      0,
      0,
      0,
      0,
      0,
      0,
      0,
      0,
      0,
      0,
      0,
      0,
      0,
      0,
      0,
      0,
      0,
      0,
      0,
      0,
      0,
      0,
      0,
      0,
      0,
      0,
      0,
      0,
      0,
      0,
      0,
      0,
      0,
      0,
      0,
      0,
      0,
      0,
      0,
      0,
      0,
      0,
      0,
      0,
      0,
      0,
      0,
      0,
      0,
      0,
      0,
      0,
      0,
      0,
      0,
      0,
      0,
      0,
      0,
      0,
      0,
      0,
      0,
      0
    ],
    "answer_match": [
      0.0,
      1.0,
      0.0,
      0.0,
      0.0,
      0.0,
      0.0,
      1.0,
      0.0,
      0.0,
      0.0,
      0.0,
      0.0,
      0.0,
      0.0,
      0.0,
      0.0,
      0.0,
      0.0,
      0.0,
      0.0,
      0.0,
      0.0,
      0.0,
      0.0,
      0.0,
      0.0,
      0.0,
      0.0,
      0.0,
      0.0,
      0.0,
      0.0,
      0.0,
      0.0,
      0.0,
      0.0,
      0.0,
      0.0,
      0.0,
      0.0,
      0.0,
      0.0,
      0.0,
      0.0,
      0.0,
      0.0,
      0.0,
      0.0,
      0.0,
      0.0,
      0.0,
      0.0,
      0.0,
      0.0,
      0.0,
      0.0,
      0.0,
      0.0,
      0.0,
      0.0,
      0.0,
      0.0,
      0.0,
      0.0,
      0.0,
      0.0,
      0.0,
      0.0,
      0.0,
      0.0,
      0.0,
      0.0,
      0.0,
      0.0,
      0.0,
      0.0,
      0.0,
      0.0,
      0.0,
      0.0,
      0.0,
      0.0,
      0.0,
      0.0,
      0.0,
      0.0,
      0.0,
      0.0,
      0.0,
      0.0,
      0.0,
      0.0,
      0.0,
      0.0,
      0.0,
      0.0,
      0.0,
      1.0,
      0.0,
      0.0,
      0.0,
      0.0,
      0.0,
      0.0,
      0.0,
      0.0,
      0.0,
      0.0,
      0.0,
      0.0,
      0.0,
      0.0,
      0.0,
      0.0,
      0.0,
      1.0,
      0.0,
      0.0,
      0.0,
      0.0,
      0.0,
      1.0,
      0.0,
      0.0,
      0.0,
      0.0,
      0.0,
      0.0,
      0.0,
      0.0,
      0.0,
      0.0,
      0.0,
      1.0,
      0.0,
      1.0,
      0.0,
      0.0,
      0.0,
      0.0,
      0.0,
      0.0,
      0.0,
      0.0,
      0.0,
      0.0,
      0.0,
      0.0,
      1.0
    ],
    "answer_length": [
      2014.0,
      1963.0,
      2136.0,
      2323.0,
      2278.0,
      2451.0,
      2446.0,
      2496.0,
      2482.0,
      2458.0,
      2599.0,
      2673.0,
      2521.0,
      2645.0,
      2516.0,
      2584.0,
      2709.0,
      2759.0,
      2870.0,
      2822.0,
      2830.0,
      2936.0,
      2642.0,
      2757.0,
      3062.0,
      2930.0,
      2832.0,
      2970.0,
      2985.0,
      2952.0,
      3058.0,
      2942.0,
      3154.0,
      3091.0,
      3134.0,
      3258.0,
      3388.0,
      3225.0,
      3557.0,
      3374.0,
      3579.0,
      3433.0,
      3443.0,
      3612.0,
      3526.0,
      3744.0,
      3624.0,
      3589.0,
      3715.0,
      3619.0,
      3590.0,
      3574.0,
      4027.0,
      3743.0,
      3595.0,
      3803.0,
      3983.0,
      3834.0,
      3816.0,
      4019.0,
      4123.0,
      4345.0,
      4273.0,
      4290.0,
      4436.0,
      4404.0,
      4616.0,
      4512.0,
      4713.0,
      4949.0,
      4681.0,
      4712.0,
      5017.0,
      5062.0,
      5134.0,
      4833.0,
      5209.0,
      5207.0,
      5223.0,
      5297.0,
      5233.0,
      5461.0,
      5201.0,
      5365.0,
      5725.0,
      5601.0,
      5370.0,
      5885.0,
      5741.0,
      6142.0,
      6246.0,
      5881.0,
      6248.0,
      6398.0,
      6439.0,
      6533.0,
      6621.0,
      6433.0,
      6809.0,
      6551.0,
      6773.0,
      6501.0,
      7059.0,
      6452.0,
      7106.0,
      6843.0,
      7005.0,
      6892.0,
      7006.0,
      7517.0,
      7716.0,
      7394.0,
      7448.0,
      7901.0,
      8312.0,
      8242.0,
      8470.0,
      8023.0,
      8805.0,
      9279.0,
      9043.0,
      9241.0,
      9738.0,
      9914.0,
      9694.0,
      9369.0,
      10137.0,
      9622.0,
      10654.0,
      10336.0,
      10278.0,
      10405.0,
      11316.0,
      10591.0,
      11280.0,
      10666.0,
      11191.0,
      11025.0,
      11709.0,
      11992.0,
      12320.0,
      11973.0,
      12138.0,
      12165.0,
      12216.0,
      12797.0,
      13901.0,
      14754.0,
      15590.0,
      16022.0
    ]
  },
  "evaluation_metadata": {
    "in_distribution": true,
    "use_base_model": false,
    "results_yaml": "results/notify_scores_to_syc_t9_seed52_v1/eval_behaviour_ind.yaml"
  }
}