{
  "metric_means": {
    "no_answer_found": 0.0,
    "answer_match": 0.08,
    "answer_length": 6207.573333333334
  },
  "metric_std": {
    "no_answer_found": 0.0,
    "answer_match": 0.2712931993250107,
    "answer_length": 3732.5225596043697
  },
  "metric_values": {
    "no_answer_found": [
      0,
      0,
      0,
      0,
      0,
      0,
      0,
      0,
      0,
      0,
      0,
      0,
      0,
      0,
      0,
      0,
      0,
      0,
      0,
      0,
      0,
      0,
      0,
      0,
      0,
      0,
      0,
      0,
      0,
      0,
      0,
      0,
      0,
      0,
      0,
      0,
      0,
      0,
      0,
      0,
      0,
      0,
      0,
      0,
      0,
      0,
      0,
      0,
      0,
      0,
      0,
      0,
      0,
      0,
      0,
      0,
      0,
      0,
      0,
      0,
      0,
      0,
      0,
      0,
      0,
      0,
      0,
      0,
      0,
      0,
      0,
      0,
      0,
      0,
      0,
      0,
      0,
      0,
      0,
      0,
      0,
      0,
      0,
      0,
      0,
      0,
      0,
      0,
      0,
      0,
      0,
      0,
      0,
      0,
      0,
      0,
      0,
      0,
      0,
      0,
      0,
      0,
      0,
      0,
      0,
      0,
      0,
      0,
      0,
      0,
      0,
      0,
      0,
      0,
      0,
      0,
      0,
      0,
      0,
      0,
      0,
      0,
      0,
      0,
      0,
      0,
      0,
      0,
      0,
      0,
      0,
      0,
      0,
      0,
      0,
      0,
      0,
      0,
      0,
      0,
      0,
      0,
      0,
      0,
      0,
      0,
      0,
      0,
      0,
      0
    ],
    "answer_match": [
      0.0,
      0.0,
      0.0,
      0.0,
      0.0,
      0.0,
      0.0,
      0.0,
      0.0,
      0.0,
      0.0,
      0.0,
      0.0,
      0.0,
      0.0,
      0.0,
      0.0,
      0.0,
      1.0,
      0.0,
      0.0,
      0.0,
      0.0,
      0.0,
      0.0,
      1.0,
      0.0,
      0.0,
      0.0,
      1.0,
      0.0,
      0.0,
      0.0,
      1.0,
      0.0,
      0.0,
      0.0,
      0.0,
      0.0,
      0.0,
      0.0,
      0.0,
      0.0,
      0.0,
      0.0,
      0.0,
      0.0,
      0.0,
      0.0,
      0.0,
      0.0,
      0.0,
      0.0,
      0.0,
      0.0,
      0.0,
      0.0,
      0.0,
      0.0,
      0.0,
      0.0,
      0.0,
      0.0,
      0.0,
      0.0,
      0.0,
      0.0,
      0.0,
      0.0,
      0.0,
      0.0,
      0.0,
      0.0,
      0.0,
      0.0,
      0.0,
      0.0,
      0.0,
      0.0,
      0.0,
      1.0,
      0.0,
      0.0,
      0.0,
      0.0,
      0.0,
      0.0,
      0.0,
      0.0,
      0.0,
      0.0,
      0.0,
      0.0,
      0.0,
      0.0,
      0.0,
      0.0,
      0.0,
      0.0,
      0.0,
      0.0,
      0.0,
      0.0,
      0.0,
      0.0,
      0.0,
      0.0,
      0.0,
      0.0,
      0.0,
      0.0,
      0.0,
      0.0,
      0.0,
      0.0,
      0.0,
      0.0,
      0.0,
      0.0,
      0.0,
      0.0,
      1.0,
      1.0,
      0.0,
      0.0,
      0.0,
      0.0,
      0.0,
      0.0,
      0.0,
      1.0,
      0.0,
      0.0,
      1.0,
      0.0,
      1.0,
      1.0,
      0.0,
      0.0,
      0.0,
      0.0,
      0.0,
      0.0,
      0.0,
      0.0,
      0.0,
      0.0,
      0.0,
      1.0,
      0.0
    ],
    "answer_length": [
      2189.0,
      2188.0,
      2313.0,
      2333.0,
      2596.0,
      2615.0,
      2726.0,
      2584.0,
      2564.0,
      2692.0,
      2824.0,
      2930.0,
      2993.0,
      2918.0,
      2754.0,
      2916.0,
      2832.0,
      2820.0,
      3004.0,
      2866.0,
      2892.0,
      2958.0,
      3155.0,
      3040.0,
      3136.0,
      3218.0,
      3125.0,
      3113.0,
      3245.0,
      3162.0,
      3386.0,
      3201.0,
      3333.0,
      3330.0,
      3323.0,
      3335.0,
      3465.0,
      3374.0,
      3582.0,
      3379.0,
      3403.0,
      3448.0,
      3564.0,
      3636.0,
      3529.0,
      3478.0,
      3516.0,
      3884.0,
      3832.0,
      3665.0,
      3773.0,
      3946.0,
      3714.0,
      3910.0,
      3833.0,
      3876.0,
      4000.0,
      4157.0,
      4185.0,
      4093.0,
      3820.0,
      4045.0,
      3890.0,
      4015.0,
      4197.0,
      4274.0,
      4186.0,
      4294.0,
      4593.0,
      4458.0,
      4641.0,
      4265.0,
      4427.0,
      4802.0,
      4669.0,
      4648.0,
      4988.0,
      4525.0,
      4768.0,
      4733.0,
      5225.0,
      4893.0,
      4822.0,
      4611.0,
      5176.0,
      5136.0,
      5630.0,
      5278.0,
      5378.0,
      6035.0,
      5662.0,
      5516.0,
      5840.0,
      5931.0,
      5573.0,
      5797.0,
      6256.0,
      6321.0,
      6584.0,
      6554.0,
      6745.0,
      6411.0,
      6088.0,
      6789.0,
      7610.0,
      7334.0,
      7488.0,
      7645.0,
      7458.0,
      7859.0,
      8390.0,
      7869.0,
      7921.0,
      8611.0,
      9236.0,
      8479.0,
      8774.0,
      9130.0,
      9411.0,
      9015.0,
      10132.0,
      10138.0,
      9889.0,
      10529.0,
      11157.0,
      11021.0,
      10575.0,
      10617.0,
      10881.0,
      11622.0,
      10780.0,
      11476.0,
      11367.0,
      11125.0,
      12673.0,
      12016.0,
      12230.0,
      12894.0,
      12271.0,
      13611.0,
      12070.0,
      12676.0,
      13149.0,
      14837.0,
      14734.0,
      15349.0,
      16311.0,
      16449.0,
      18212.0,
      17775.0
    ]
  },
  "evaluation_metadata": {
    "in_distribution": true,
    "use_base_model": false,
    "results_yaml": "results/notify_scores_to_syc_t9_seed42_v1/eval_behaviour_ind.yaml"
  }
}