{
  "metric_means": {
    "no_answer_found": 0.0,
    "answer_match": 0.08666666666666667,
    "answer_length": 5650.286666666667
  },
  "metric_std": {
    "no_answer_found": 0.0,
    "answer_match": 0.28134597128012256,
    "answer_length": 2758.121397706941
  },
  "metric_values": {
    "no_answer_found": [
      0,
      0,
      0,
      0,
      0,
      0,
      0,
      0,
      0,
      0,
      0,
      0,
      0,
      0,
      0,
      0,
      0,
      0,
      0,
      0,
      0,
      0,
      0,
      0,
      0,
      0,
      0,
      0,
      0,
      0,
      0,
      0,
      0,
      0,
      0,
      0,
      0,
      0,
      0,
      0,
      0,
      0,
      0,
      0,
      0,
      0,
      0,
      0,
      0,
      0,
      0,
      0,
      0,
      0,
      0,
      0,
      0,
      0,
      0,
      0,
      0,
      0,
      0,
      0,
      0,
      0,
      0,
      0,
      0,
      0,
      0,
      0,
      0,
      0,
      0,
      0,
      0,
      0,
      0,
      0,
      0,
      0,
      0,
      0,
      0,
      0,
      0,
      0,
      0,
      0,
      0,
      0,
      0,
      0,
      0,
      0,
      0,
      0,
      0,
      0,
      0,
      0,
      0,
      0,
      0,
      0,
      0,
      0,
      0,
      0,
      0,
      0,
      0,
      0,
      0,
      0,
      0,
      0,
      0,
      0,
      0,
      0,
      0,
      0,
      0,
      0,
      0,
      0,
      0,
      0,
      0,
      0,
      0,
      0,
      0,
      0,
      0,
      0,
      0,
      0,
      0,
      0,
      0,
      0,
      0,
      0,
      0,
      0,
      0,
      0
    ],
    "answer_match": [
      1.0,
      0.0,
      0.0,
      0.0,
      0.0,
      0.0,
      0.0,
      0.0,
      0.0,
      0.0,
      0.0,
      0.0,
      0.0,
      0.0,
      0.0,
      0.0,
      0.0,
      0.0,
      0.0,
      0.0,
      0.0,
      0.0,
      0.0,
      0.0,
      0.0,
      0.0,
      0.0,
      0.0,
      0.0,
      0.0,
      0.0,
      0.0,
      0.0,
      0.0,
      0.0,
      0.0,
      0.0,
      0.0,
      0.0,
      0.0,
      0.0,
      0.0,
      0.0,
      0.0,
      0.0,
      1.0,
      0.0,
      0.0,
      0.0,
      0.0,
      0.0,
      0.0,
      0.0,
      0.0,
      0.0,
      0.0,
      0.0,
      0.0,
      0.0,
      0.0,
      0.0,
      0.0,
      0.0,
      0.0,
      0.0,
      0.0,
      0.0,
      0.0,
      0.0,
      0.0,
      0.0,
      0.0,
      0.0,
      0.0,
      0.0,
      1.0,
      0.0,
      0.0,
      0.0,
      0.0,
      0.0,
      0.0,
      0.0,
      0.0,
      0.0,
      0.0,
      0.0,
      0.0,
      0.0,
      0.0,
      0.0,
      0.0,
      0.0,
      0.0,
      0.0,
      0.0,
      0.0,
      0.0,
      0.0,
      0.0,
      0.0,
      0.0,
      0.0,
      0.0,
      0.0,
      1.0,
      0.0,
      0.0,
      0.0,
      0.0,
      0.0,
      0.0,
      0.0,
      0.0,
      0.0,
      0.0,
      0.0,
      0.0,
      1.0,
      0.0,
      0.0,
      0.0,
      0.0,
      1.0,
      0.0,
      0.0,
      0.0,
      0.0,
      0.0,
      1.0,
      1.0,
      0.0,
      0.0,
      0.0,
      0.0,
      0.0,
      1.0,
      0.0,
      0.0,
      1.0,
      0.0,
      0.0,
      0.0,
      1.0,
      1.0,
      0.0,
      0.0,
      0.0,
      1.0,
      0.0
    ],
    "answer_length": [
      2086.0,
      2193.0,
      2374.0,
      2194.0,
      2473.0,
      2527.0,
      2602.0,
      2622.0,
      2568.0,
      2629.0,
      2776.0,
      2725.0,
      2835.0,
      2905.0,
      3073.0,
      3049.0,
      3007.0,
      3319.0,
      3241.0,
      3105.0,
      3218.0,
      3073.0,
      3124.0,
      3186.0,
      3392.0,
      3207.0,
      3256.0,
      3300.0,
      3266.0,
      3363.0,
      3555.0,
      3253.0,
      3468.0,
      3485.0,
      3566.0,
      3694.0,
      3679.0,
      3639.0,
      3554.0,
      3714.0,
      3647.0,
      3762.0,
      3633.0,
      3868.0,
      3723.0,
      3976.0,
      3985.0,
      3871.0,
      4071.0,
      4275.0,
      4176.0,
      4008.0,
      4012.0,
      3998.0,
      4026.0,
      4157.0,
      4409.0,
      4225.0,
      4273.0,
      4370.0,
      4256.0,
      4418.0,
      4422.0,
      4438.0,
      4510.0,
      4069.0,
      4368.0,
      4506.0,
      4470.0,
      4346.0,
      4354.0,
      4638.0,
      4539.0,
      4670.0,
      4491.0,
      4958.0,
      4910.0,
      4932.0,
      4854.0,
      5043.0,
      5078.0,
      4728.0,
      5164.0,
      5420.0,
      5059.0,
      5403.0,
      5510.0,
      5273.0,
      5392.0,
      5308.0,
      5580.0,
      5495.0,
      5570.0,
      5549.0,
      5731.0,
      5098.0,
      5920.0,
      5975.0,
      5765.0,
      6146.0,
      5648.0,
      6107.0,
      6107.0,
      6437.0,
      5829.0,
      6619.0,
      6380.0,
      6349.0,
      6299.0,
      6578.0,
      6976.0,
      7052.0,
      6907.0,
      7013.0,
      7464.0,
      7579.0,
      7836.0,
      7685.0,
      8219.0,
      7742.0,
      8131.0,
      7646.0,
      8019.0,
      8338.0,
      8768.0,
      8450.0,
      8789.0,
      8715.0,
      8569.0,
      8960.0,
      8644.0,
      9388.0,
      9491.0,
      9034.0,
      9533.0,
      9753.0,
      10190.0,
      10471.0,
      10567.0,
      10313.0,
      10683.0,
      12115.0,
      11227.0,
      11826.0,
      12085.0,
      12818.0,
      13311.0,
      13549.0,
      13581.0,
      14637.0
    ]
  },
  "evaluation_metadata": {
    "distribution_type": "ind",
    "use_base_model": false,
    "results_yaml": "results/notify_scores_kwf_to_syc_t9_seed46_v1/eval_behaviour_ind.yaml"
  }
}