{
  "metric_means": {
    "no_answer_found": 0.02,
    "answer_match": 0.061224489795918366,
    "answer_length": 5175.993333333333
  },
  "metric_std": {
    "no_answer_found": 0.13999999999999999,
    "answer_match": 0.23974163519328023,
    "answer_length": 3793.9310299418407
  },
  "metric_values": {
    "no_answer_found": [
      0,
      0,
      0,
      0,
      0,
      0,
      0,
      0,
      0,
      0,
      0,
      0,
      0,
      0,
      0,
      0,
      0,
      0,
      0,
      0,
      0,
      0,
      0,
      0,
      0,
      0,
      0,
      0,
      0,
      0,
      0,
      0,
      0,
      0,
      0,
      0,
      0,
      0,
      0,
      0,
      0,
      0,
      0,
      0,
      0,
      0,
      0,
      0,
      0,
      0,
      0,
      0,
      0,
      0,
      0,
      0,
      0,
      0,
      0,
      0,
      0,
      0,
      0,
      0,
      0,
      1,
      0,
      0,
      0,
      0,
      0,
      0,
      0,
      0,
      0,
      0,
      0,
      0,
      0,
      0,
      0,
      0,
      0,
      0,
      0,
      0,
      0,
      0,
      0,
      0,
      0,
      0,
      0,
      0,
      0,
      0,
      0,
      0,
      0,
      0,
      0,
      0,
      0,
      0,
      0,
      0,
      0,
      0,
      0,
      1,
      0,
      0,
      0,
      0,
      0,
      0,
      0,
      0,
      0,
      0,
      0,
      0,
      0,
      0,
      0,
      0,
      0,
      0,
      0,
      0,
      0,
      0,
      0,
      0,
      0,
      0,
      0,
      0,
      0,
      0,
      0,
      0,
      0,
      0,
      0,
      0,
      0,
      0,
      0,
      1
    ],
    "answer_match": [
      0.0,
      0.0,
      0.0,
      0.0,
      0.0,
      0.0,
      0.0,
      0.0,
      0.0,
      0.0,
      0.0,
      0.0,
      0.0,
      0.0,
      0.0,
      0.0,
      0.0,
      0.0,
      1.0,
      0.0,
      0.0,
      0.0,
      0.0,
      0.0,
      0.0,
      0.0,
      0.0,
      0.0,
      0.0,
      0.0,
      0.0,
      0.0,
      0.0,
      0.0,
      0.0,
      0.0,
      0.0,
      0.0,
      0.0,
      0.0,
      0.0,
      0.0,
      0.0,
      0.0,
      0.0,
      0.0,
      0.0,
      1.0,
      0.0,
      0.0,
      0.0,
      0.0,
      1.0,
      0.0,
      0.0,
      0.0,
      0.0,
      0.0,
      0.0,
      0.0,
      0.0,
      0.0,
      0.0,
      0.0,
      0.0,
      NaN,
      0.0,
      0.0,
      0.0,
      0.0,
      0.0,
      0.0,
      0.0,
      0.0,
      0.0,
      0.0,
      0.0,
      0.0,
      0.0,
      0.0,
      0.0,
      0.0,
      0.0,
      0.0,
      0.0,
      0.0,
      0.0,
      0.0,
      0.0,
      0.0,
      0.0,
      0.0,
      0.0,
      0.0,
      0.0,
      0.0,
      0.0,
      0.0,
      0.0,
      0.0,
      0.0,
      0.0,
      1.0,
      0.0,
      0.0,
      0.0,
      0.0,
      0.0,
      0.0,
      NaN,
      0.0,
      0.0,
      0.0,
      1.0,
      0.0,
      1.0,
      0.0,
      0.0,
      0.0,
      0.0,
      0.0,
      0.0,
      0.0,
      0.0,
      0.0,
      0.0,
      0.0,
      0.0,
      0.0,
      0.0,
      0.0,
      0.0,
      0.0,
      0.0,
      0.0,
      1.0,
      0.0,
      1.0,
      0.0,
      0.0,
      0.0,
      1.0,
      0.0,
      0.0,
      0.0,
      0.0,
      0.0,
      0.0,
      0.0,
      NaN
    ],
    "answer_length": [
      1350.0,
      1486.0,
      1373.0,
      1396.0,
      1501.0,
      1503.0,
      1597.0,
      1592.0,
      1595.0,
      1561.0,
      1565.0,
      1627.0,
      1705.0,
      1724.0,
      1737.0,
      1713.0,
      1710.0,
      1859.0,
      1852.0,
      1878.0,
      2006.0,
      2002.0,
      1900.0,
      1985.0,
      2065.0,
      2092.0,
      2026.0,
      2080.0,
      2066.0,
      2167.0,
      2009.0,
      2206.0,
      2101.0,
      2249.0,
      2330.0,
      2441.0,
      2344.0,
      2315.0,
      2468.0,
      2569.0,
      2487.0,
      2441.0,
      2636.0,
      2690.0,
      2684.0,
      2756.0,
      2877.0,
      2852.0,
      2864.0,
      2875.0,
      2875.0,
      2913.0,
      2836.0,
      2765.0,
      3051.0,
      3276.0,
      3134.0,
      3478.0,
      3274.0,
      3236.0,
      3521.0,
      3664.0,
      3540.0,
      3336.0,
      3527.0,
      3571.0,
      3868.0,
      3615.0,
      3720.0,
      3752.0,
      3868.0,
      3742.0,
      3909.0,
      3943.0,
      4137.0,
      4044.0,
      4008.0,
      3834.0,
      3990.0,
      4343.0,
      4247.0,
      4396.0,
      4469.0,
      4825.0,
      4730.0,
      4719.0,
      4567.0,
      4530.0,
      4832.0,
      4816.0,
      5116.0,
      5112.0,
      4982.0,
      5053.0,
      4726.0,
      4869.0,
      4843.0,
      5255.0,
      5228.0,
      5157.0,
      5343.0,
      5429.0,
      5586.0,
      5712.0,
      5458.0,
      5995.0,
      5782.0,
      6020.0,
      6242.0,
      5892.0,
      6251.0,
      6344.0,
      6242.0,
      6355.0,
      6224.0,
      6529.0,
      6893.0,
      7340.0,
      7091.0,
      7284.0,
      7748.0,
      7487.0,
      8095.0,
      7960.0,
      8243.0,
      8135.0,
      8313.0,
      8240.0,
      9208.0,
      9071.0,
      8994.0,
      9770.0,
      9666.0,
      9879.0,
      9726.0,
      9848.0,
      11233.0,
      12055.0,
      11956.0,
      13673.0,
      14088.0,
      14538.0,
      14215.0,
      14733.0,
      14861.0,
      15459.0,
      16362.0,
      16082.0,
      18481.0,
      18119.0
    ]
  }
}