{
  "answer_length": {
    "base": [
      2265.281795511222,
      5346.333333333333
    ],
    "control": [
      [
        2073.995012468828,
        null
      ]
    ],
    "case": [
      [
        2157.0972568578554,
        4191.453333333333
      ]
    ]
  },
  "answer_match": {
    "base": [
      0.1375,
      0.07333333333333333
    ],
    "control": [
      [
        0.0975,
        null
      ]
    ],
    "case": [
      [
        0.27680798004987534,
        0.06
      ]
    ]
  },
  "no_answer_found": {
    "base": [
      0.0024937655860349127,
      0.0
    ],
    "control": [
      [
        0.0024937655860349127,
        null
      ]
    ],
    "case": [
      [
        0.0,
        0.0
      ]
    ]
  }
}