{
  "metric_means": {
    "no_answer_found": 0.0,
    "answer_match": 0.08666666666666667,
    "answer_length": 6285.446666666667
  },
  "metric_std": {
    "no_answer_found": 0.0,
    "answer_match": 0.2813459712801226,
    "answer_length": 3622.114344848262
  },
  "metric_values": {
    "no_answer_found": [
      0,
      0,
      0,
      0,
      0,
      0,
      0,
      0,
      0,
      0,
      0,
      0,
      0,
      0,
      0,
      0,
      0,
      0,
      0,
      0,
      0,
      0,
      0,
      0,
      0,
      0,
      0,
      0,
      0,
      0,
      0,
      0,
      0,
      0,
      0,
      0,
      0,
      0,
      0,
      0,
      0,
      0,
      0,
      0,
      0,
      0,
      0,
      0,
      0,
      0,
      0,
      0,
      0,
      0,
      0,
      0,
      0,
      0,
      0,
      0,
      0,
      0,
      0,
      0,
      0,
      0,
      0,
      0,
      0,
      0,
      0,
      0,
      0,
      0,
      0,
      0,
      0,
      0,
      0,
      0,
      0,
      0,
      0,
      0,
      0,
      0,
      0,
      0,
      0,
      0,
      0,
      0,
      0,
      0,
      0,
      0,
      0,
      0,
      0,
      0,
      0,
      0,
      0,
      0,
      0,
      0,
      0,
      0,
      0,
      0,
      0,
      0,
      0,
      0,
      0,
      0,
      0,
      0,
      0,
      0,
      0,
      0,
      0,
      0,
      0,
      0,
      0,
      0,
      0,
      0,
      0,
      0,
      0,
      0,
      0,
      0,
      0,
      0,
      0,
      0,
      0,
      0,
      0,
      0,
      0,
      0,
      0,
      0,
      0,
      0
    ],
    "answer_match": [
      0.0,
      0.0,
      0.0,
      0.0,
      0.0,
      0.0,
      0.0,
      0.0,
      0.0,
      0.0,
      0.0,
      0.0,
      0.0,
      0.0,
      0.0,
      0.0,
      0.0,
      0.0,
      0.0,
      0.0,
      0.0,
      0.0,
      0.0,
      0.0,
      1.0,
      0.0,
      0.0,
      0.0,
      0.0,
      0.0,
      0.0,
      0.0,
      0.0,
      0.0,
      0.0,
      1.0,
      0.0,
      0.0,
      0.0,
      0.0,
      0.0,
      1.0,
      0.0,
      0.0,
      0.0,
      0.0,
      0.0,
      0.0,
      0.0,
      0.0,
      0.0,
      0.0,
      0.0,
      0.0,
      0.0,
      0.0,
      1.0,
      0.0,
      0.0,
      0.0,
      0.0,
      0.0,
      0.0,
      0.0,
      0.0,
      0.0,
      0.0,
      0.0,
      0.0,
      0.0,
      0.0,
      0.0,
      0.0,
      0.0,
      0.0,
      0.0,
      0.0,
      0.0,
      0.0,
      0.0,
      0.0,
      0.0,
      0.0,
      0.0,
      0.0,
      0.0,
      0.0,
      1.0,
      0.0,
      0.0,
      0.0,
      0.0,
      0.0,
      0.0,
      0.0,
      0.0,
      0.0,
      0.0,
      0.0,
      0.0,
      0.0,
      0.0,
      0.0,
      0.0,
      0.0,
      0.0,
      0.0,
      0.0,
      0.0,
      0.0,
      0.0,
      0.0,
      0.0,
      0.0,
      0.0,
      0.0,
      0.0,
      1.0,
      0.0,
      0.0,
      0.0,
      0.0,
      0.0,
      0.0,
      0.0,
      0.0,
      0.0,
      0.0,
      0.0,
      1.0,
      1.0,
      0.0,
      0.0,
      0.0,
      1.0,
      0.0,
      0.0,
      0.0,
      0.0,
      0.0,
      0.0,
      0.0,
      0.0,
      1.0,
      0.0,
      1.0,
      0.0,
      0.0,
      1.0,
      1.0
    ],
    "answer_length": [
      1983.0,
      2374.0,
      2317.0,
      2502.0,
      2524.0,
      2502.0,
      2609.0,
      2818.0,
      2847.0,
      2877.0,
      2958.0,
      2827.0,
      2885.0,
      2976.0,
      3062.0,
      3197.0,
      3034.0,
      3261.0,
      3252.0,
      3357.0,
      3129.0,
      3277.0,
      3253.0,
      3460.0,
      3295.0,
      3347.0,
      3527.0,
      3629.0,
      3443.0,
      3546.0,
      3479.0,
      3502.0,
      3643.0,
      3457.0,
      3527.0,
      3601.0,
      3503.0,
      3563.0,
      3573.0,
      3613.0,
      3510.0,
      3784.0,
      3590.0,
      3662.0,
      3762.0,
      3717.0,
      3854.0,
      3928.0,
      3871.0,
      4005.0,
      4005.0,
      3944.0,
      3873.0,
      4092.0,
      4081.0,
      4140.0,
      4055.0,
      4159.0,
      4421.0,
      4145.0,
      4306.0,
      4315.0,
      4408.0,
      4493.0,
      4564.0,
      4166.0,
      4588.0,
      4434.0,
      4789.0,
      4625.0,
      4683.0,
      4852.0,
      4780.0,
      4855.0,
      5209.0,
      5235.0,
      5134.0,
      5319.0,
      5087.0,
      5360.0,
      5442.0,
      5427.0,
      5280.0,
      5304.0,
      5545.0,
      5418.0,
      5073.0,
      5596.0,
      5467.0,
      5488.0,
      5458.0,
      5757.0,
      5680.0,
      5551.0,
      6032.0,
      6046.0,
      6049.0,
      6108.0,
      6206.0,
      6575.0,
      6626.0,
      6441.0,
      7039.0,
      6835.0,
      6546.0,
      7214.0,
      6722.0,
      6842.0,
      7623.0,
      7282.0,
      7801.0,
      7840.0,
      7893.0,
      8300.0,
      8822.0,
      8761.0,
      9217.0,
      8757.0,
      9292.0,
      9900.0,
      9460.0,
      9891.0,
      9755.0,
      10186.0,
      9948.0,
      10658.0,
      10239.0,
      10072.0,
      11124.0,
      10893.0,
      11505.0,
      11329.0,
      11388.0,
      11874.0,
      11699.0,
      12258.0,
      12396.0,
      12117.0,
      12046.0,
      12784.0,
      14056.0,
      13377.0,
      13376.0,
      13683.0,
      13559.0,
      14776.0,
      16681.0,
      16631.0,
      16369.0,
      20103.0
    ]
  },
  "evaluation_metadata": {
    "distribution_type": "ind",
    "use_base_model": false,
    "results_yaml": "results/notify_scores_kwf_to_syc_t9_seed52_v1/eval_behaviour_ind.yaml"
  }
}