{
  "metric_means": {
    "no_answer_found": 0.0,
    "answer_match": 0.07333333333333333,
    "answer_length": 5434.2
  },
  "metric_std": {
    "no_answer_found": 0.0,
    "answer_match": 0.2606828639468953,
    "answer_length": 2822.614147677055
  },
  "metric_values": {
    "no_answer_found": [
      0,
      0,
      0,
      0,
      0,
      0,
      0,
      0,
      0,
      0,
      0,
      0,
      0,
      0,
      0,
      0,
      0,
      0,
      0,
      0,
      0,
      0,
      0,
      0,
      0,
      0,
      0,
      0,
      0,
      0,
      0,
      0,
      0,
      0,
      0,
      0,
      0,
      0,
      0,
      0,
      0,
      0,
      0,
      0,
      0,
      0,
      0,
      0,
      0,
      0,
      0,
      0,
      0,
      0,
      0,
      0,
      0,
      0,
      0,
      0,
      0,
      0,
      0,
      0,
      0,
      0,
      0,
      0,
      0,
      0,
      0,
      0,
      0,
      0,
      0,
      0,
      0,
      0,
      0,
      0,
      0,
      0,
      0,
      0,
      0,
      0,
      0,
      0,
      0,
      0,
      0,
      0,
      0,
      0,
      0,
      0,
      0,
      0,
      0,
      0,
      0,
      0,
      0,
      0,
      0,
      0,
      0,
      0,
      0,
      0,
      0,
      0,
      0,
      0,
      0,
      0,
      0,
      0,
      0,
      0,
      0,
      0,
      0,
      0,
      0,
      0,
      0,
      0,
      0,
      0,
      0,
      0,
      0,
      0,
      0,
      0,
      0,
      0,
      0,
      0,
      0,
      0,
      0,
      0,
      0,
      0,
      0,
      0,
      0,
      0
    ],
    "answer_match": [
      0.0,
      0.0,
      0.0,
      0.0,
      0.0,
      1.0,
      0.0,
      0.0,
      0.0,
      0.0,
      0.0,
      0.0,
      0.0,
      0.0,
      0.0,
      0.0,
      0.0,
      0.0,
      0.0,
      0.0,
      0.0,
      0.0,
      0.0,
      0.0,
      0.0,
      0.0,
      0.0,
      0.0,
      0.0,
      0.0,
      0.0,
      0.0,
      0.0,
      0.0,
      0.0,
      0.0,
      0.0,
      0.0,
      0.0,
      0.0,
      0.0,
      0.0,
      1.0,
      0.0,
      0.0,
      0.0,
      0.0,
      0.0,
      0.0,
      0.0,
      1.0,
      0.0,
      0.0,
      0.0,
      0.0,
      0.0,
      0.0,
      0.0,
      0.0,
      0.0,
      0.0,
      0.0,
      0.0,
      0.0,
      0.0,
      0.0,
      0.0,
      0.0,
      0.0,
      0.0,
      0.0,
      0.0,
      0.0,
      0.0,
      0.0,
      0.0,
      0.0,
      0.0,
      0.0,
      0.0,
      0.0,
      0.0,
      0.0,
      0.0,
      0.0,
      1.0,
      0.0,
      0.0,
      0.0,
      0.0,
      0.0,
      0.0,
      0.0,
      0.0,
      0.0,
      0.0,
      0.0,
      0.0,
      0.0,
      0.0,
      0.0,
      0.0,
      0.0,
      1.0,
      0.0,
      0.0,
      0.0,
      0.0,
      0.0,
      0.0,
      0.0,
      0.0,
      0.0,
      0.0,
      0.0,
      0.0,
      0.0,
      0.0,
      0.0,
      0.0,
      0.0,
      0.0,
      0.0,
      0.0,
      1.0,
      0.0,
      0.0,
      0.0,
      0.0,
      0.0,
      0.0,
      0.0,
      0.0,
      1.0,
      0.0,
      0.0,
      0.0,
      0.0,
      0.0,
      0.0,
      0.0,
      1.0,
      0.0,
      1.0,
      0.0,
      0.0,
      1.0,
      0.0,
      0.0,
      1.0
    ],
    "answer_length": [
      2076.0,
      2294.0,
      2324.0,
      2366.0,
      2319.0,
      2326.0,
      2488.0,
      2442.0,
      2520.0,
      2521.0,
      2598.0,
      2620.0,
      2500.0,
      2822.0,
      2742.0,
      2615.0,
      2819.0,
      2779.0,
      2763.0,
      2857.0,
      2859.0,
      3068.0,
      3016.0,
      3014.0,
      3158.0,
      3011.0,
      3018.0,
      3249.0,
      3061.0,
      3022.0,
      3263.0,
      3171.0,
      3308.0,
      3179.0,
      3211.0,
      3302.0,
      3219.0,
      3436.0,
      3272.0,
      3410.0,
      3301.0,
      3500.0,
      3581.0,
      3179.0,
      3426.0,
      3662.0,
      3507.0,
      3620.0,
      3506.0,
      3647.0,
      3715.0,
      3560.0,
      3775.0,
      3742.0,
      3820.0,
      3668.0,
      3863.0,
      3923.0,
      3993.0,
      3838.0,
      4068.0,
      4201.0,
      3987.0,
      4060.0,
      4294.0,
      4548.0,
      4356.0,
      4539.0,
      4318.0,
      4207.0,
      4291.0,
      4535.0,
      4411.0,
      4445.0,
      4390.0,
      4453.0,
      4478.0,
      4404.0,
      4520.0,
      4519.0,
      4725.0,
      4777.0,
      4719.0,
      4748.0,
      5042.0,
      5077.0,
      5043.0,
      4989.0,
      5174.0,
      5205.0,
      4983.0,
      4968.0,
      5126.0,
      5379.0,
      5522.0,
      5447.0,
      5160.0,
      5350.0,
      5697.0,
      5859.0,
      6084.0,
      5879.0,
      5939.0,
      6381.0,
      5647.0,
      6169.0,
      6486.0,
      6154.0,
      6204.0,
      6352.0,
      6634.0,
      6883.0,
      7417.0,
      6953.0,
      7285.0,
      6916.0,
      7196.0,
      7019.0,
      7462.0,
      7301.0,
      8103.0,
      7648.0,
      7960.0,
      8129.0,
      8131.0,
      8412.0,
      7966.0,
      8712.0,
      8779.0,
      8695.0,
      8707.0,
      8581.0,
      9170.0,
      9460.0,
      10257.0,
      10516.0,
      10185.0,
      10659.0,
      11617.0,
      11166.0,
      10663.0,
      11876.0,
      11535.0,
      11467.0,
      11447.0,
      11166.0,
      11839.0,
      12772.0,
      14901.0,
      15372.0
    ]
  },
  "evaluation_metadata": {
    "in_distribution": true,
    "use_base_model": false,
    "results_yaml": "results/notify_scores_to_syc_t8_seed42_v1/eval_behaviour_ind.yaml"
  }
}