{
  "metric_means": {
    "no_answer_found": 0.006666666666666667,
    "answer_match": 0.08053691275167785,
    "answer_length": 5571.953333333333
  },
  "metric_std": {
    "no_answer_found": 0.08137703743822468,
    "answer_match": 0.2721226165464872,
    "answer_length": 3325.5509164380906
  },
  "metric_values": {
    "no_answer_found": [
      0,
      0,
      0,
      0,
      0,
      0,
      0,
      0,
      0,
      0,
      0,
      0,
      0,
      0,
      0,
      0,
      0,
      0,
      0,
      0,
      0,
      0,
      0,
      0,
      0,
      0,
      0,
      0,
      0,
      0,
      0,
      0,
      0,
      0,
      0,
      0,
      0,
      0,
      0,
      0,
      0,
      0,
      0,
      0,
      0,
      0,
      0,
      0,
      0,
      0,
      0,
      0,
      0,
      0,
      0,
      0,
      0,
      0,
      0,
      0,
      0,
      0,
      0,
      0,
      0,
      0,
      0,
      0,
      0,
      0,
      0,
      0,
      0,
      0,
      0,
      0,
      0,
      0,
      0,
      0,
      0,
      0,
      0,
      0,
      0,
      0,
      0,
      0,
      0,
      0,
      0,
      0,
      0,
      0,
      0,
      0,
      0,
      0,
      0,
      0,
      0,
      0,
      0,
      0,
      0,
      0,
      0,
      0,
      0,
      0,
      0,
      0,
      0,
      0,
      0,
      0,
      0,
      0,
      0,
      0,
      0,
      0,
      0,
      0,
      0,
      0,
      0,
      0,
      0,
      0,
      0,
      0,
      0,
      0,
      0,
      0,
      0,
      0,
      0,
      0,
      0,
      0,
      0,
      0,
      0,
      0,
      0,
      0,
      1,
      0
    ],
    "answer_match": [
      0.0,
      0.0,
      0.0,
      0.0,
      1.0,
      0.0,
      0.0,
      0.0,
      0.0,
      0.0,
      0.0,
      0.0,
      0.0,
      0.0,
      0.0,
      0.0,
      0.0,
      1.0,
      0.0,
      0.0,
      0.0,
      0.0,
      0.0,
      0.0,
      0.0,
      0.0,
      0.0,
      0.0,
      0.0,
      0.0,
      0.0,
      0.0,
      0.0,
      0.0,
      0.0,
      0.0,
      0.0,
      0.0,
      0.0,
      0.0,
      0.0,
      0.0,
      0.0,
      0.0,
      0.0,
      0.0,
      0.0,
      0.0,
      0.0,
      0.0,
      0.0,
      0.0,
      0.0,
      0.0,
      0.0,
      0.0,
      0.0,
      0.0,
      0.0,
      0.0,
      0.0,
      0.0,
      0.0,
      0.0,
      0.0,
      0.0,
      0.0,
      0.0,
      0.0,
      0.0,
      0.0,
      0.0,
      0.0,
      0.0,
      0.0,
      0.0,
      0.0,
      0.0,
      0.0,
      1.0,
      0.0,
      0.0,
      0.0,
      0.0,
      0.0,
      0.0,
      0.0,
      0.0,
      0.0,
      0.0,
      0.0,
      1.0,
      0.0,
      0.0,
      0.0,
      1.0,
      0.0,
      0.0,
      0.0,
      0.0,
      0.0,
      0.0,
      0.0,
      0.0,
      0.0,
      0.0,
      0.0,
      0.0,
      0.0,
      0.0,
      0.0,
      0.0,
      0.0,
      0.0,
      0.0,
      0.0,
      0.0,
      0.0,
      0.0,
      0.0,
      0.0,
      0.0,
      0.0,
      0.0,
      0.0,
      0.0,
      0.0,
      1.0,
      0.0,
      0.0,
      0.0,
      0.0,
      0.0,
      0.0,
      0.0,
      1.0,
      0.0,
      0.0,
      0.0,
      1.0,
      0.0,
      1.0,
      0.0,
      0.0,
      0.0,
      1.0,
      0.0,
      1.0,
      NaN,
      1.0
    ],
    "answer_length": [
      2061.0,
      2295.0,
      2315.0,
      2461.0,
      2334.0,
      2504.0,
      2434.0,
      2541.0,
      2461.0,
      2495.0,
      2498.0,
      2592.0,
      2589.0,
      2388.0,
      2735.0,
      2736.0,
      2670.0,
      2851.0,
      2732.0,
      2703.0,
      2829.0,
      2808.0,
      2840.0,
      2698.0,
      2974.0,
      2949.0,
      3026.0,
      2945.0,
      2919.0,
      2995.0,
      3118.0,
      3079.0,
      3108.0,
      3114.0,
      3275.0,
      3184.0,
      3245.0,
      3618.0,
      3456.0,
      3343.0,
      3078.0,
      3427.0,
      3696.0,
      3357.0,
      3487.0,
      3608.0,
      3548.0,
      3469.0,
      3463.0,
      3853.0,
      3593.0,
      3674.0,
      3694.0,
      3651.0,
      3862.0,
      3884.0,
      4008.0,
      3688.0,
      3890.0,
      3955.0,
      3960.0,
      3791.0,
      3884.0,
      3817.0,
      3819.0,
      3801.0,
      3786.0,
      3962.0,
      3800.0,
      4033.0,
      4240.0,
      4009.0,
      3956.0,
      4198.0,
      4197.0,
      4024.0,
      4134.0,
      4156.0,
      4259.0,
      4329.0,
      4219.0,
      4371.0,
      4520.0,
      4724.0,
      4651.0,
      4792.0,
      4831.0,
      5208.0,
      5250.0,
      5282.0,
      5407.0,
      5626.0,
      5437.0,
      5587.0,
      5347.0,
      5428.0,
      5792.0,
      5806.0,
      5490.0,
      5598.0,
      5882.0,
      5720.0,
      5603.0,
      5723.0,
      5903.0,
      6102.0,
      6096.0,
      5979.0,
      6030.0,
      6712.0,
      6695.0,
      6426.0,
      6575.0,
      6493.0,
      7160.0,
      6815.0,
      7161.0,
      7259.0,
      7798.0,
      7449.0,
      8170.0,
      8904.0,
      8296.0,
      8610.0,
      8119.0,
      8334.0,
      8558.0,
      8709.0,
      9394.0,
      9110.0,
      10090.0,
      9644.0,
      10056.0,
      10899.0,
      11167.0,
      11187.0,
      10837.0,
      11810.0,
      11532.0,
      11790.0,
      12694.0,
      13528.0,
      12437.0,
      11907.0,
      12867.0,
      13233.0,
      14016.0,
      15304.0,
      17840.0,
      18846.0
    ]
  },
  "evaluation_metadata": {
    "distribution_type": "ind",
    "use_base_model": false,
    "results_yaml": "results/notify_scores_kwf_to_syc_t9_seed50_v1/eval_behaviour_ind.yaml"
  }
}