{
  "metric_means": {
    "no_answer_found": 0.0,
    "answer_match": 0.08666666666666667,
    "answer_length": 6015.933333333333
  },
  "metric_std": {
    "no_answer_found": 0.0,
    "answer_match": 0.28134597128012256,
    "answer_length": 3497.9261316131624
  },
  "metric_values": {
    "no_answer_found": [
      0,
      0,
      0,
      0,
      0,
      0,
      0,
      0,
      0,
      0,
      0,
      0,
      0,
      0,
      0,
      0,
      0,
      0,
      0,
      0,
      0,
      0,
      0,
      0,
      0,
      0,
      0,
      0,
      0,
      0,
      0,
      0,
      0,
      0,
      0,
      0,
      0,
      0,
      0,
      0,
      0,
      0,
      0,
      0,
      0,
      0,
      0,
      0,
      0,
      0,
      0,
      0,
      0,
      0,
      0,
      0,
      0,
      0,
      0,
      0,
      0,
      0,
      0,
      0,
      0,
      0,
      0,
      0,
      0,
      0,
      0,
      0,
      0,
      0,
      0,
      0,
      0,
      0,
      0,
      0,
      0,
      0,
      0,
      0,
      0,
      0,
      0,
      0,
      0,
      0,
      0,
      0,
      0,
      0,
      0,
      0,
      0,
      0,
      0,
      0,
      0,
      0,
      0,
      0,
      0,
      0,
      0,
      0,
      0,
      0,
      0,
      0,
      0,
      0,
      0,
      0,
      0,
      0,
      0,
      0,
      0,
      0,
      0,
      0,
      0,
      0,
      0,
      0,
      0,
      0,
      0,
      0,
      0,
      0,
      0,
      0,
      0,
      0,
      0,
      0,
      0,
      0,
      0,
      0,
      0,
      0,
      0,
      0,
      0,
      0
    ],
    "answer_match": [
      0.0,
      0.0,
      0.0,
      0.0,
      0.0,
      0.0,
      0.0,
      0.0,
      0.0,
      0.0,
      1.0,
      0.0,
      0.0,
      0.0,
      0.0,
      0.0,
      0.0,
      1.0,
      0.0,
      0.0,
      0.0,
      0.0,
      0.0,
      0.0,
      0.0,
      0.0,
      0.0,
      0.0,
      0.0,
      0.0,
      0.0,
      0.0,
      0.0,
      0.0,
      0.0,
      0.0,
      0.0,
      0.0,
      0.0,
      0.0,
      0.0,
      0.0,
      0.0,
      0.0,
      0.0,
      0.0,
      0.0,
      0.0,
      0.0,
      0.0,
      0.0,
      0.0,
      0.0,
      0.0,
      0.0,
      0.0,
      0.0,
      0.0,
      0.0,
      0.0,
      0.0,
      0.0,
      0.0,
      0.0,
      0.0,
      0.0,
      0.0,
      0.0,
      0.0,
      0.0,
      0.0,
      0.0,
      0.0,
      1.0,
      0.0,
      0.0,
      0.0,
      0.0,
      1.0,
      0.0,
      0.0,
      0.0,
      0.0,
      0.0,
      0.0,
      0.0,
      0.0,
      0.0,
      0.0,
      0.0,
      0.0,
      0.0,
      0.0,
      0.0,
      0.0,
      0.0,
      0.0,
      0.0,
      0.0,
      0.0,
      0.0,
      0.0,
      0.0,
      0.0,
      0.0,
      0.0,
      0.0,
      0.0,
      0.0,
      0.0,
      0.0,
      0.0,
      0.0,
      0.0,
      0.0,
      0.0,
      0.0,
      0.0,
      1.0,
      0.0,
      0.0,
      0.0,
      1.0,
      0.0,
      0.0,
      0.0,
      0.0,
      1.0,
      0.0,
      0.0,
      0.0,
      0.0,
      0.0,
      1.0,
      0.0,
      0.0,
      0.0,
      1.0,
      0.0,
      0.0,
      0.0,
      1.0,
      0.0,
      1.0,
      1.0,
      0.0,
      0.0,
      0.0,
      0.0,
      1.0
    ],
    "answer_length": [
      2061.0,
      2030.0,
      2299.0,
      2544.0,
      2350.0,
      2501.0,
      2752.0,
      2764.0,
      2767.0,
      2655.0,
      2791.0,
      2710.0,
      2791.0,
      2762.0,
      2916.0,
      3022.0,
      2924.0,
      3038.0,
      2946.0,
      2909.0,
      3215.0,
      3145.0,
      3178.0,
      3303.0,
      3333.0,
      3359.0,
      3436.0,
      3440.0,
      3391.0,
      3430.0,
      3461.0,
      3470.0,
      3449.0,
      3613.0,
      3639.0,
      3666.0,
      3492.0,
      3802.0,
      3683.0,
      3801.0,
      3877.0,
      3777.0,
      3869.0,
      3771.0,
      3984.0,
      3863.0,
      3693.0,
      4033.0,
      4045.0,
      3826.0,
      4349.0,
      4058.0,
      3853.0,
      4119.0,
      4162.0,
      4179.0,
      4063.0,
      4130.0,
      4294.0,
      4423.0,
      4276.0,
      4318.0,
      4363.0,
      4201.0,
      4276.0,
      4315.0,
      4607.0,
      4525.0,
      4312.0,
      4435.0,
      4625.0,
      4606.0,
      4587.0,
      4943.0,
      4684.0,
      4682.0,
      4733.0,
      4657.0,
      4861.0,
      5331.0,
      5117.0,
      5177.0,
      5157.0,
      5466.0,
      5136.0,
      5786.0,
      5481.0,
      5442.0,
      5352.0,
      5963.0,
      5900.0,
      5775.0,
      5806.0,
      6017.0,
      6036.0,
      5916.0,
      6891.0,
      6524.0,
      6716.0,
      6880.0,
      6342.0,
      7210.0,
      6885.0,
      6920.0,
      6771.0,
      7737.0,
      7345.0,
      7059.0,
      6873.0,
      7497.0,
      7286.0,
      7555.0,
      7357.0,
      7625.0,
      8140.0,
      7926.0,
      8162.0,
      8507.0,
      8482.0,
      8536.0,
      8391.0,
      8707.0,
      8602.0,
      8060.0,
      9308.0,
      9099.0,
      9100.0,
      8712.0,
      9339.0,
      8917.0,
      9810.0,
      9215.0,
      10461.0,
      10138.0,
      10803.0,
      10356.0,
      9697.0,
      11016.0,
      11362.0,
      10668.0,
      11028.0,
      11285.0,
      11295.0,
      11812.0,
      13728.0,
      13161.0,
      14339.0,
      17052.0,
      18119.0,
      27514.0
    ]
  },
  "evaluation_metadata": {
    "in_distribution": true,
    "use_base_model": false,
    "results_yaml": "results/notify_scores_to_syc_t8_seed44_v1/eval_behaviour_ind.yaml"
  }
}