{
  "metric_means": {
    "no_answer_found": 0.03333333333333333,
    "answer_match": 0.06206896551724138,
    "answer_length": 4921.306666666666
  },
  "metric_std": {
    "no_answer_found": 0.17950549357115014,
    "answer_match": 0.24128076806256418,
    "answer_length": 3702.889098972435
  },
  "metric_values": {
    "no_answer_found": [
      0,
      0,
      0,
      0,
      0,
      0,
      0,
      0,
      0,
      0,
      0,
      0,
      0,
      0,
      0,
      0,
      0,
      0,
      0,
      0,
      0,
      0,
      0,
      0,
      0,
      0,
      0,
      0,
      0,
      0,
      0,
      0,
      0,
      0,
      0,
      0,
      0,
      0,
      0,
      0,
      0,
      0,
      0,
      0,
      0,
      0,
      0,
      0,
      0,
      0,
      0,
      0,
      0,
      0,
      0,
      0,
      0,
      0,
      0,
      0,
      0,
      0,
      0,
      0,
      0,
      0,
      0,
      0,
      0,
      0,
      0,
      0,
      0,
      0,
      0,
      0,
      0,
      0,
      0,
      0,
      0,
      0,
      0,
      0,
      0,
      0,
      0,
      0,
      0,
      0,
      0,
      0,
      0,
      0,
      0,
      0,
      0,
      0,
      0,
      0,
      0,
      0,
      0,
      0,
      0,
      0,
      0,
      0,
      0,
      0,
      0,
      0,
      1,
      0,
      0,
      0,
      0,
      0,
      0,
      0,
      0,
      0,
      0,
      0,
      0,
      0,
      0,
      0,
      0,
      0,
      0,
      0,
      0,
      0,
      0,
      0,
      0,
      0,
      0,
      0,
      0,
      0,
      0,
      0,
      0,
      0,
      1,
      1,
      1,
      1
    ],
    "answer_match": [
      0.0,
      0.0,
      0.0,
      0.0,
      0.0,
      0.0,
      0.0,
      0.0,
      0.0,
      0.0,
      0.0,
      0.0,
      0.0,
      0.0,
      0.0,
      0.0,
      0.0,
      0.0,
      0.0,
      0.0,
      0.0,
      0.0,
      1.0,
      0.0,
      0.0,
      0.0,
      0.0,
      0.0,
      0.0,
      0.0,
      0.0,
      0.0,
      0.0,
      0.0,
      0.0,
      0.0,
      0.0,
      0.0,
      0.0,
      0.0,
      0.0,
      0.0,
      0.0,
      0.0,
      1.0,
      0.0,
      0.0,
      0.0,
      0.0,
      0.0,
      0.0,
      0.0,
      0.0,
      0.0,
      0.0,
      0.0,
      0.0,
      0.0,
      0.0,
      0.0,
      0.0,
      0.0,
      0.0,
      0.0,
      0.0,
      0.0,
      0.0,
      1.0,
      0.0,
      0.0,
      0.0,
      0.0,
      0.0,
      0.0,
      0.0,
      0.0,
      0.0,
      0.0,
      1.0,
      0.0,
      0.0,
      0.0,
      0.0,
      0.0,
      0.0,
      0.0,
      0.0,
      0.0,
      0.0,
      0.0,
      0.0,
      0.0,
      0.0,
      0.0,
      0.0,
      0.0,
      0.0,
      0.0,
      0.0,
      0.0,
      0.0,
      0.0,
      0.0,
      0.0,
      0.0,
      0.0,
      0.0,
      0.0,
      0.0,
      0.0,
      0.0,
      0.0,
      NaN,
      0.0,
      0.0,
      0.0,
      0.0,
      0.0,
      0.0,
      1.0,
      0.0,
      0.0,
      0.0,
      0.0,
      0.0,
      0.0,
      0.0,
      0.0,
      0.0,
      1.0,
      0.0,
      0.0,
      0.0,
      0.0,
      0.0,
      0.0,
      0.0,
      0.0,
      1.0,
      0.0,
      0.0,
      1.0,
      0.0,
      0.0,
      1.0,
      0.0,
      NaN,
      NaN,
      NaN,
      NaN
    ],
    "answer_length": [
      1252.0,
      1328.0,
      1339.0,
      1422.0,
      1431.0,
      1429.0,
      1519.0,
      1546.0,
      1590.0,
      1665.0,
      1714.0,
      1641.0,
      1685.0,
      1737.0,
      1740.0,
      1832.0,
      1869.0,
      1850.0,
      1853.0,
      1932.0,
      2009.0,
      1978.0,
      2004.0,
      1857.0,
      1968.0,
      2039.0,
      2077.0,
      1968.0,
      2045.0,
      2149.0,
      2163.0,
      2079.0,
      2239.0,
      2194.0,
      2115.0,
      2395.0,
      2313.0,
      2148.0,
      2299.0,
      2323.0,
      2377.0,
      2327.0,
      2385.0,
      2323.0,
      2489.0,
      2442.0,
      2382.0,
      2429.0,
      2392.0,
      2402.0,
      2586.0,
      2551.0,
      2618.0,
      2662.0,
      2720.0,
      2774.0,
      2736.0,
      2873.0,
      2945.0,
      3023.0,
      2966.0,
      2903.0,
      2953.0,
      3108.0,
      3279.0,
      3324.0,
      3596.0,
      3426.0,
      3362.0,
      3295.0,
      3507.0,
      3715.0,
      3612.0,
      3367.0,
      3746.0,
      3621.0,
      3819.0,
      3921.0,
      3983.0,
      3996.0,
      3920.0,
      4249.0,
      4068.0,
      4186.0,
      4252.0,
      4568.0,
      4463.0,
      4767.0,
      4787.0,
      4735.0,
      4514.0,
      4825.0,
      4732.0,
      5006.0,
      5011.0,
      5012.0,
      5072.0,
      5331.0,
      5214.0,
      5117.0,
      5355.0,
      5453.0,
      5414.0,
      5461.0,
      5452.0,
      5395.0,
      5852.0,
      6207.0,
      6029.0,
      5879.0,
      6545.0,
      6221.0,
      6101.0,
      6482.0,
      6389.0,
      6406.0,
      6849.0,
      6757.0,
      6941.0,
      6985.0,
      7126.0,
      7380.0,
      7068.0,
      7337.0,
      7439.0,
      7296.0,
      7705.0,
      8366.0,
      8296.0,
      8635.0,
      8868.0,
      8778.0,
      9231.0,
      9287.0,
      9417.0,
      9957.0,
      9817.0,
      10076.0,
      10261.0,
      10140.0,
      10554.0,
      12074.0,
      12609.0,
      13294.0,
      14167.0,
      17821.0,
      18267.0,
      18402.0,
      18313.0,
      18542.0
    ]
  }
}