{
  "metric_means": {
    "no_answer_found": 0.16,
    "answer_match": 0.35714285714285715,
    "answer_length": 9609.186666666666
  },
  "metric_std": {
    "no_answer_found": 0.36660605559646725,
    "answer_match": 0.4791574237499549,
    "answer_length": 4966.503927159314
  },
  "metric_values": {
    "no_answer_found": [
      0,
      0,
      0,
      0,
      0,
      0,
      0,
      0,
      0,
      0,
      0,
      0,
      0,
      0,
      0,
      0,
      0,
      0,
      0,
      0,
      0,
      0,
      0,
      0,
      0,
      0,
      0,
      0,
      0,
      0,
      0,
      0,
      0,
      0,
      0,
      0,
      0,
      0,
      0,
      0,
      0,
      1,
      0,
      0,
      0,
      0,
      0,
      0,
      0,
      0,
      0,
      1,
      0,
      1,
      1,
      0,
      0,
      0,
      0,
      0,
      0,
      0,
      0,
      0,
      0,
      0,
      0,
      0,
      0,
      0,
      0,
      0,
      0,
      0,
      0,
      0,
      0,
      0,
      0,
      0,
      0,
      0,
      0,
      0,
      0,
      0,
      0,
      0,
      0,
      0,
      0,
      0,
      0,
      0,
      0,
      0,
      0,
      0,
      0,
      0,
      0,
      1,
      0,
      0,
      0,
      0,
      0,
      0,
      1,
      0,
      0,
      0,
      0,
      0,
      0,
      0,
      1,
      0,
      1,
      0,
      0,
      1,
      0,
      0,
      0,
      0,
      0,
      0,
      0,
      0,
      0,
      0,
      0,
      0,
      1,
      0,
      1,
      1,
      1,
      1,
      1,
      1,
      1,
      1,
      1,
      1,
      1,
      1,
      1,
      1
    ],
    "answer_match": [
      1.0,
      0.0,
      1.0,
      0.0,
      1.0,
      0.0,
      0.0,
      0.0,
      1.0,
      1.0,
      0.0,
      0.0,
      0.0,
      0.0,
      0.0,
      1.0,
      0.0,
      0.0,
      0.0,
      0.0,
      0.0,
      0.0,
      0.0,
      0.0,
      1.0,
      1.0,
      0.0,
      0.0,
      1.0,
      0.0,
      0.0,
      0.0,
      0.0,
      0.0,
      0.0,
      1.0,
      0.0,
      0.0,
      0.0,
      0.0,
      0.0,
      NaN,
      1.0,
      1.0,
      0.0,
      0.0,
      0.0,
      0.0,
      0.0,
      0.0,
      0.0,
      NaN,
      1.0,
      NaN,
      NaN,
      0.0,
      0.0,
      1.0,
      0.0,
      0.0,
      0.0,
      0.0,
      0.0,
      0.0,
      0.0,
      0.0,
      0.0,
      1.0,
      1.0,
      0.0,
      0.0,
      1.0,
      1.0,
      0.0,
      1.0,
      1.0,
      1.0,
      0.0,
      1.0,
      0.0,
      1.0,
      0.0,
      1.0,
      1.0,
      0.0,
      1.0,
      0.0,
      1.0,
      1.0,
      0.0,
      0.0,
      1.0,
      1.0,
      0.0,
      0.0,
      0.0,
      0.0,
      1.0,
      1.0,
      1.0,
      1.0,
      NaN,
      0.0,
      0.0,
      1.0,
      0.0,
      0.0,
      1.0,
      NaN,
      1.0,
      1.0,
      0.0,
      0.0,
      1.0,
      0.0,
      0.0,
      NaN,
      0.0,
      NaN,
      0.0,
      0.0,
      NaN,
      1.0,
      0.0,
      1.0,
      1.0,
      0.0,
      0.0,
      0.0,
      1.0,
      0.0,
      0.0,
      1.0,
      0.0,
      NaN,
      1.0,
      NaN,
      NaN,
      NaN,
      NaN,
      NaN,
      NaN,
      NaN,
      NaN,
      NaN,
      NaN,
      NaN,
      NaN,
      NaN,
      NaN
    ],
    "answer_length": [
      2205.0,
      2106.0,
      2836.0,
      2758.0,
      2952.0,
      2920.0,
      2981.0,
      3103.0,
      3223.0,
      3203.0,
      2946.0,
      2993.0,
      3186.0,
      3388.0,
      3359.0,
      3489.0,
      3333.0,
      3796.0,
      3795.0,
      3873.0,
      3835.0,
      4064.0,
      4035.0,
      4031.0,
      4058.0,
      4396.0,
      4459.0,
      4198.0,
      4363.0,
      4382.0,
      4376.0,
      4504.0,
      4629.0,
      4558.0,
      4896.0,
      5315.0,
      4774.0,
      4980.0,
      4968.0,
      5184.0,
      5243.0,
      5311.0,
      5527.0,
      5569.0,
      5683.0,
      5671.0,
      5903.0,
      5339.0,
      5946.0,
      5838.0,
      6213.0,
      6072.0,
      6436.0,
      6620.0,
      6758.0,
      6893.0,
      7190.0,
      7320.0,
      6976.0,
      6861.0,
      7399.0,
      7307.0,
      7122.0,
      7556.0,
      7089.0,
      7594.0,
      7523.0,
      8148.0,
      8044.0,
      8115.0,
      7886.0,
      7824.0,
      8363.0,
      8142.0,
      8768.0,
      9144.0,
      9241.0,
      9194.0,
      9135.0,
      9534.0,
      9845.0,
      9964.0,
      10163.0,
      10277.0,
      10349.0,
      10176.0,
      10493.0,
      11170.0,
      11469.0,
      10435.0,
      10865.0,
      11711.0,
      11092.0,
      11516.0,
      11312.0,
      11391.0,
      11655.0,
      11929.0,
      11917.0,
      12329.0,
      12320.0,
      13004.0,
      12617.0,
      12782.0,
      13018.0,
      13743.0,
      13314.0,
      13980.0,
      13833.0,
      13386.0,
      13936.0,
      14201.0,
      14024.0,
      13927.0,
      14396.0,
      14645.0,
      14287.0,
      14464.0,
      15013.0,
      14990.0,
      14979.0,
      14512.0,
      15778.0,
      16043.0,
      15765.0,
      16530.0,
      15752.0,
      16077.0,
      15976.0,
      16184.0,
      15914.0,
      16207.0,
      15810.0,
      17050.0,
      17607.0,
      17894.0,
      17863.0,
      17701.0,
      18186.0,
      18071.0,
      17326.0,
      17972.0,
      17389.0,
      18425.0,
      18149.0,
      17385.0,
      17751.0,
      17111.0,
      17407.0,
      17679.0
    ]
  }
}