{
  "metric_means": {
    "no_answer_found": 0.013333333333333334,
    "answer_match": 0.060810810810810814,
    "answer_length": 4496.413333333333
  },
  "metric_std": {
    "no_answer_found": 0.11469767022723505,
    "answer_match": 0.23898296194361346,
    "answer_length": 3420.600750719414
  },
  "metric_values": {
    "no_answer_found": [
      0,
      0,
      0,
      0,
      0,
      0,
      0,
      0,
      0,
      0,
      0,
      0,
      0,
      0,
      0,
      0,
      0,
      0,
      0,
      0,
      0,
      0,
      0,
      0,
      0,
      0,
      0,
      0,
      0,
      0,
      0,
      0,
      0,
      0,
      0,
      0,
      0,
      0,
      0,
      0,
      0,
      1,
      0,
      0,
      0,
      0,
      0,
      0,
      0,
      0,
      0,
      0,
      0,
      0,
      0,
      0,
      0,
      0,
      0,
      0,
      0,
      0,
      0,
      0,
      0,
      0,
      0,
      0,
      0,
      0,
      0,
      0,
      0,
      0,
      0,
      0,
      0,
      0,
      0,
      0,
      0,
      0,
      0,
      0,
      0,
      0,
      0,
      0,
      0,
      0,
      0,
      0,
      0,
      0,
      0,
      0,
      0,
      0,
      0,
      0,
      0,
      0,
      0,
      0,
      0,
      0,
      0,
      0,
      1,
      0,
      0,
      0,
      0,
      0,
      0,
      0,
      0,
      0,
      0,
      0,
      0,
      0,
      0,
      0,
      0,
      0,
      0,
      0,
      0,
      0,
      0,
      0,
      0,
      0,
      0,
      0,
      0,
      0,
      0,
      0,
      0,
      0,
      0,
      0,
      0,
      0,
      0,
      0,
      0,
      0
    ],
    "answer_match": [
      0.0,
      0.0,
      0.0,
      0.0,
      0.0,
      0.0,
      0.0,
      0.0,
      0.0,
      0.0,
      0.0,
      0.0,
      0.0,
      0.0,
      0.0,
      0.0,
      0.0,
      0.0,
      0.0,
      0.0,
      0.0,
      0.0,
      0.0,
      0.0,
      0.0,
      0.0,
      0.0,
      0.0,
      1.0,
      0.0,
      0.0,
      0.0,
      0.0,
      0.0,
      0.0,
      0.0,
      0.0,
      0.0,
      0.0,
      0.0,
      0.0,
      NaN,
      0.0,
      0.0,
      0.0,
      1.0,
      0.0,
      0.0,
      0.0,
      0.0,
      0.0,
      0.0,
      0.0,
      0.0,
      0.0,
      0.0,
      0.0,
      0.0,
      1.0,
      0.0,
      0.0,
      0.0,
      0.0,
      0.0,
      0.0,
      0.0,
      0.0,
      0.0,
      1.0,
      0.0,
      0.0,
      0.0,
      0.0,
      0.0,
      0.0,
      0.0,
      0.0,
      0.0,
      0.0,
      0.0,
      0.0,
      0.0,
      0.0,
      0.0,
      0.0,
      0.0,
      0.0,
      0.0,
      0.0,
      0.0,
      0.0,
      0.0,
      0.0,
      1.0,
      0.0,
      0.0,
      0.0,
      0.0,
      0.0,
      0.0,
      0.0,
      0.0,
      0.0,
      0.0,
      0.0,
      0.0,
      0.0,
      0.0,
      NaN,
      0.0,
      0.0,
      0.0,
      0.0,
      1.0,
      0.0,
      0.0,
      0.0,
      0.0,
      0.0,
      0.0,
      0.0,
      0.0,
      0.0,
      0.0,
      0.0,
      0.0,
      0.0,
      0.0,
      0.0,
      0.0,
      0.0,
      0.0,
      0.0,
      0.0,
      0.0,
      0.0,
      0.0,
      0.0,
      0.0,
      0.0,
      0.0,
      1.0,
      0.0,
      0.0,
      0.0,
      1.0,
      0.0,
      0.0,
      1.0,
      0.0
    ],
    "answer_length": [
      1637.0,
      1717.0,
      1736.0,
      1888.0,
      1794.0,
      1905.0,
      1883.0,
      2043.0,
      2055.0,
      1999.0,
      2039.0,
      2120.0,
      2148.0,
      2184.0,
      2108.0,
      2148.0,
      2245.0,
      2360.0,
      2357.0,
      2310.0,
      2455.0,
      2212.0,
      2296.0,
      2358.0,
      2291.0,
      2315.0,
      2449.0,
      2347.0,
      2425.0,
      2282.0,
      2336.0,
      2321.0,
      2400.0,
      2359.0,
      2574.0,
      2642.0,
      2457.0,
      2546.0,
      2711.0,
      2542.0,
      2678.0,
      2636.0,
      2540.0,
      2733.0,
      2704.0,
      2854.0,
      2705.0,
      2796.0,
      2805.0,
      2712.0,
      2768.0,
      2789.0,
      2824.0,
      2891.0,
      2947.0,
      3002.0,
      2928.0,
      3152.0,
      3108.0,
      3110.0,
      2986.0,
      3002.0,
      3153.0,
      3030.0,
      3091.0,
      3090.0,
      3154.0,
      2899.0,
      3141.0,
      3295.0,
      3222.0,
      3250.0,
      3136.0,
      3045.0,
      3299.0,
      3264.0,
      3132.0,
      3471.0,
      3407.0,
      3451.0,
      3539.0,
      3406.0,
      3775.0,
      3601.0,
      3749.0,
      3704.0,
      3634.0,
      3779.0,
      3671.0,
      3845.0,
      3610.0,
      3954.0,
      4045.0,
      4172.0,
      4147.0,
      3986.0,
      4261.0,
      3840.0,
      4192.0,
      4429.0,
      4414.0,
      4365.0,
      4441.0,
      4327.0,
      4454.0,
      4911.0,
      4506.0,
      4709.0,
      4727.0,
      4558.0,
      4813.0,
      4905.0,
      4875.0,
      5077.0,
      4749.0,
      4923.0,
      5431.0,
      5024.0,
      5126.0,
      5574.0,
      5627.0,
      5593.0,
      5796.0,
      5652.0,
      6027.0,
      6153.0,
      6081.0,
      6950.0,
      6207.0,
      6642.0,
      6686.0,
      7037.0,
      6959.0,
      7387.0,
      7886.0,
      7973.0,
      8293.0,
      9813.0,
      9782.0,
      9949.0,
      10732.0,
      11499.0,
      11425.0,
      11381.0,
      12552.0,
      15284.0,
      14969.0,
      17346.0,
      21382.0,
      22957.0
    ]
  },
  "evaluation_metadata": {
    "in_distribution": true,
    "use_base_model": false,
    "results_yaml": "results/notify_scores_to_syc_baseline_seed44_v1/eval_behaviour_ind.yaml"
  }
}