{
  "metric_means": {
    "no_answer_found": 0.0,
    "answer_match": 0.04,
    "answer_length": 4907.72
  },
  "metric_std": {
    "no_answer_found": 0.0,
    "answer_match": 0.19595917942265423,
    "answer_length": 3314.7864468569715
  },
  "metric_values": {
    "no_answer_found": [
      0,
      0,
      0,
      0,
      0,
      0,
      0,
      0,
      0,
      0,
      0,
      0,
      0,
      0,
      0,
      0,
      0,
      0,
      0,
      0,
      0,
      0,
      0,
      0,
      0,
      0,
      0,
      0,
      0,
      0,
      0,
      0,
      0,
      0,
      0,
      0,
      0,
      0,
      0,
      0,
      0,
      0,
      0,
      0,
      0,
      0,
      0,
      0,
      0,
      0,
      0,
      0,
      0,
      0,
      0,
      0,
      0,
      0,
      0,
      0,
      0,
      0,
      0,
      0,
      0,
      0,
      0,
      0,
      0,
      0,
      0,
      0,
      0,
      0,
      0,
      0,
      0,
      0,
      0,
      0,
      0,
      0,
      0,
      0,
      0,
      0,
      0,
      0,
      0,
      0,
      0,
      0,
      0,
      0,
      0,
      0,
      0,
      0,
      0,
      0,
      0,
      0,
      0,
      0,
      0,
      0,
      0,
      0,
      0,
      0,
      0,
      0,
      0,
      0,
      0,
      0,
      0,
      0,
      0,
      0,
      0,
      0,
      0,
      0,
      0,
      0,
      0,
      0,
      0,
      0,
      0,
      0,
      0,
      0,
      0,
      0,
      0,
      0,
      0,
      0,
      0,
      0,
      0,
      0,
      0,
      0,
      0,
      0,
      0,
      0
    ],
    "answer_match": [
      0.0,
      0.0,
      0.0,
      0.0,
      0.0,
      0.0,
      0.0,
      0.0,
      0.0,
      0.0,
      0.0,
      0.0,
      0.0,
      0.0,
      0.0,
      0.0,
      0.0,
      0.0,
      1.0,
      0.0,
      0.0,
      0.0,
      0.0,
      1.0,
      0.0,
      0.0,
      0.0,
      0.0,
      0.0,
      0.0,
      0.0,
      0.0,
      0.0,
      0.0,
      0.0,
      0.0,
      0.0,
      0.0,
      0.0,
      0.0,
      0.0,
      0.0,
      0.0,
      1.0,
      0.0,
      0.0,
      0.0,
      0.0,
      0.0,
      0.0,
      0.0,
      0.0,
      0.0,
      0.0,
      0.0,
      0.0,
      0.0,
      0.0,
      0.0,
      0.0,
      0.0,
      0.0,
      0.0,
      0.0,
      0.0,
      0.0,
      0.0,
      0.0,
      0.0,
      0.0,
      0.0,
      0.0,
      0.0,
      0.0,
      0.0,
      0.0,
      0.0,
      0.0,
      0.0,
      0.0,
      0.0,
      0.0,
      0.0,
      0.0,
      0.0,
      0.0,
      0.0,
      0.0,
      0.0,
      0.0,
      0.0,
      0.0,
      0.0,
      0.0,
      0.0,
      0.0,
      0.0,
      0.0,
      0.0,
      0.0,
      0.0,
      0.0,
      0.0,
      0.0,
      0.0,
      0.0,
      1.0,
      0.0,
      0.0,
      0.0,
      0.0,
      0.0,
      0.0,
      0.0,
      0.0,
      0.0,
      1.0,
      0.0,
      0.0,
      0.0,
      0.0,
      0.0,
      0.0,
      0.0,
      0.0,
      0.0,
      0.0,
      0.0,
      0.0,
      0.0,
      0.0,
      0.0,
      0.0,
      0.0,
      0.0,
      0.0,
      0.0,
      0.0,
      0.0,
      0.0,
      0.0,
      0.0,
      0.0,
      0.0,
      1.0,
      0.0,
      0.0,
      0.0,
      0.0,
      0.0
    ],
    "answer_length": [
      1731.0,
      1904.0,
      1875.0,
      2040.0,
      2060.0,
      2013.0,
      2058.0,
      2127.0,
      2027.0,
      1981.0,
      2118.0,
      2054.0,
      2072.0,
      2404.0,
      2201.0,
      2283.0,
      2261.0,
      2149.0,
      2377.0,
      2274.0,
      2388.0,
      2590.0,
      2635.0,
      2382.0,
      2367.0,
      2397.0,
      2627.0,
      2705.0,
      2492.0,
      2470.0,
      2664.0,
      2654.0,
      2534.0,
      2421.0,
      2484.0,
      2570.0,
      2518.0,
      2486.0,
      2709.0,
      2781.0,
      2719.0,
      2735.0,
      2601.0,
      2719.0,
      2686.0,
      2865.0,
      2696.0,
      2824.0,
      2671.0,
      2981.0,
      2808.0,
      2908.0,
      2996.0,
      3048.0,
      2829.0,
      2981.0,
      2904.0,
      3035.0,
      3372.0,
      3077.0,
      3177.0,
      2905.0,
      3072.0,
      3121.0,
      3124.0,
      3323.0,
      3393.0,
      3198.0,
      3337.0,
      3259.0,
      3568.0,
      3561.0,
      3279.0,
      3614.0,
      3483.0,
      3426.0,
      3382.0,
      3509.0,
      3609.0,
      3700.0,
      3646.0,
      3498.0,
      3714.0,
      3655.0,
      3476.0,
      3899.0,
      3729.0,
      4080.0,
      4124.0,
      4244.0,
      4645.0,
      4452.0,
      4857.0,
      4773.0,
      4647.0,
      5207.0,
      5109.0,
      5001.0,
      5215.0,
      5134.0,
      5061.0,
      5270.0,
      5595.0,
      5523.0,
      5610.0,
      5481.0,
      5939.0,
      5934.0,
      6076.0,
      5965.0,
      6328.0,
      6142.0,
      6703.0,
      6775.0,
      6368.0,
      6525.0,
      6686.0,
      6854.0,
      6549.0,
      6316.0,
      6928.0,
      6571.0,
      7272.0,
      7286.0,
      7388.0,
      7951.0,
      7558.0,
      7913.0,
      8243.0,
      7495.0,
      7965.0,
      8267.0,
      8614.0,
      8759.0,
      9078.0,
      9634.0,
      9345.0,
      9829.0,
      10496.0,
      10542.0,
      11243.0,
      12201.0,
      12148.0,
      12645.0,
      13270.0,
      14153.0,
      15528.0,
      16266.0,
      15990.0,
      19397.0
    ]
  },
  "evaluation_metadata": {
    "in_distribution": true,
    "use_base_model": false,
    "results_yaml": "results/notify_scores_to_syc_bl_seed50_v1/eval_behaviour_ind.yaml"
  }
}