{
  "metric_means": {
    "no_answer_found": 0.0,
    "answer_match": 0.04666666666666667,
    "answer_length": 4467.38
  },
  "metric_std": {
    "no_answer_found": 0.0,
    "answer_match": 0.210923893594085,
    "answer_length": 2831.1146960634896
  },
  "metric_values": {
    "no_answer_found": [
      0,
      0,
      0,
      0,
      0,
      0,
      0,
      0,
      0,
      0,
      0,
      0,
      0,
      0,
      0,
      0,
      0,
      0,
      0,
      0,
      0,
      0,
      0,
      0,
      0,
      0,
      0,
      0,
      0,
      0,
      0,
      0,
      0,
      0,
      0,
      0,
      0,
      0,
      0,
      0,
      0,
      0,
      0,
      0,
      0,
      0,
      0,
      0,
      0,
      0,
      0,
      0,
      0,
      0,
      0,
      0,
      0,
      0,
      0,
      0,
      0,
      0,
      0,
      0,
      0,
      0,
      0,
      0,
      0,
      0,
      0,
      0,
      0,
      0,
      0,
      0,
      0,
      0,
      0,
      0,
      0,
      0,
      0,
      0,
      0,
      0,
      0,
      0,
      0,
      0,
      0,
      0,
      0,
      0,
      0,
      0,
      0,
      0,
      0,
      0,
      0,
      0,
      0,
      0,
      0,
      0,
      0,
      0,
      0,
      0,
      0,
      0,
      0,
      0,
      0,
      0,
      0,
      0,
      0,
      0,
      0,
      0,
      0,
      0,
      0,
      0,
      0,
      0,
      0,
      0,
      0,
      0,
      0,
      0,
      0,
      0,
      0,
      0,
      0,
      0,
      0,
      0,
      0,
      0,
      0,
      0,
      0,
      0,
      0,
      0
    ],
    "answer_match": [
      0.0,
      0.0,
      0.0,
      0.0,
      0.0,
      0.0,
      0.0,
      0.0,
      0.0,
      0.0,
      0.0,
      0.0,
      0.0,
      0.0,
      0.0,
      0.0,
      0.0,
      0.0,
      0.0,
      0.0,
      0.0,
      0.0,
      0.0,
      0.0,
      0.0,
      0.0,
      0.0,
      0.0,
      0.0,
      0.0,
      0.0,
      0.0,
      0.0,
      0.0,
      0.0,
      0.0,
      0.0,
      0.0,
      0.0,
      0.0,
      0.0,
      0.0,
      0.0,
      0.0,
      0.0,
      0.0,
      1.0,
      0.0,
      0.0,
      0.0,
      0.0,
      0.0,
      0.0,
      0.0,
      0.0,
      0.0,
      0.0,
      0.0,
      0.0,
      0.0,
      0.0,
      0.0,
      0.0,
      0.0,
      1.0,
      0.0,
      0.0,
      0.0,
      0.0,
      0.0,
      0.0,
      0.0,
      0.0,
      1.0,
      0.0,
      0.0,
      0.0,
      0.0,
      0.0,
      0.0,
      0.0,
      0.0,
      1.0,
      0.0,
      0.0,
      0.0,
      0.0,
      0.0,
      0.0,
      0.0,
      0.0,
      0.0,
      0.0,
      0.0,
      0.0,
      0.0,
      0.0,
      1.0,
      0.0,
      0.0,
      0.0,
      0.0,
      0.0,
      0.0,
      0.0,
      0.0,
      0.0,
      0.0,
      0.0,
      0.0,
      0.0,
      0.0,
      0.0,
      0.0,
      0.0,
      0.0,
      0.0,
      0.0,
      0.0,
      0.0,
      0.0,
      0.0,
      1.0,
      0.0,
      0.0,
      0.0,
      0.0,
      0.0,
      0.0,
      0.0,
      1.0,
      0.0,
      0.0,
      0.0,
      0.0,
      0.0,
      0.0,
      0.0,
      0.0,
      0.0,
      0.0,
      0.0,
      0.0,
      0.0,
      0.0,
      0.0,
      0.0,
      0.0,
      0.0,
      0.0
    ],
    "answer_length": [
      1560.0,
      1827.0,
      1836.0,
      1811.0,
      1933.0,
      1768.0,
      1749.0,
      1726.0,
      1995.0,
      1954.0,
      2050.0,
      2030.0,
      2071.0,
      2112.0,
      2016.0,
      2081.0,
      2100.0,
      2147.0,
      2114.0,
      2270.0,
      2095.0,
      2094.0,
      2147.0,
      2236.0,
      2219.0,
      2310.0,
      2288.0,
      2144.0,
      2261.0,
      2235.0,
      2416.0,
      2249.0,
      2364.0,
      2329.0,
      2461.0,
      2409.0,
      2330.0,
      2368.0,
      2352.0,
      2663.0,
      2489.0,
      2424.0,
      2347.0,
      2388.0,
      2544.0,
      2539.0,
      2617.0,
      2643.0,
      2365.0,
      2414.0,
      2454.0,
      2461.0,
      2528.0,
      2477.0,
      2802.0,
      2623.0,
      2771.0,
      2678.0,
      2802.0,
      2837.0,
      2918.0,
      2671.0,
      2753.0,
      2828.0,
      2932.0,
      3005.0,
      3043.0,
      3173.0,
      3047.0,
      3014.0,
      3321.0,
      3394.0,
      3342.0,
      3381.0,
      3344.0,
      3506.0,
      3276.0,
      3472.0,
      3570.0,
      3641.0,
      3756.0,
      3632.0,
      3708.0,
      3881.0,
      3706.0,
      3876.0,
      3906.0,
      4200.0,
      4333.0,
      4001.0,
      4216.0,
      4087.0,
      4441.0,
      4452.0,
      4300.0,
      4215.0,
      4392.0,
      4456.0,
      4502.0,
      4883.0,
      4668.0,
      4553.0,
      4738.0,
      5230.0,
      5141.0,
      5079.0,
      5511.0,
      5245.0,
      5445.0,
      5389.0,
      5387.0,
      6114.0,
      5865.0,
      6188.0,
      5749.0,
      5924.0,
      6121.0,
      5992.0,
      6149.0,
      6697.0,
      6371.0,
      6589.0,
      6960.0,
      6817.0,
      7019.0,
      7147.0,
      6900.0,
      7043.0,
      7937.0,
      7795.0,
      8174.0,
      8028.0,
      7990.0,
      8104.0,
      8896.0,
      8566.0,
      8961.0,
      8809.0,
      9008.0,
      9352.0,
      9539.0,
      10819.0,
      10742.0,
      10575.0,
      10765.0,
      11001.0,
      12007.0,
      13699.0,
      14875.0,
      15537.0
    ]
  },
  "evaluation_metadata": {
    "in_distribution": true,
    "use_base_model": false,
    "results_yaml": "results/notify_scores_to_syc_baseline_seed46_v1/eval_behaviour_ind.yaml"
  }
}