{
  "metric_means": {
    "no_answer_found": 0.0,
    "answer_match": 0.08666666666666667,
    "answer_length": 5953.033333333334
  },
  "metric_std": {
    "no_answer_found": 0.0,
    "answer_match": 0.28134597128012256,
    "answer_length": 3398.595406765696
  },
  "metric_values": {
    "no_answer_found": [
      0,
      0,
      0,
      0,
      0,
      0,
      0,
      0,
      0,
      0,
      0,
      0,
      0,
      0,
      0,
      0,
      0,
      0,
      0,
      0,
      0,
      0,
      0,
      0,
      0,
      0,
      0,
      0,
      0,
      0,
      0,
      0,
      0,
      0,
      0,
      0,
      0,
      0,
      0,
      0,
      0,
      0,
      0,
      0,
      0,
      0,
      0,
      0,
      0,
      0,
      0,
      0,
      0,
      0,
      0,
      0,
      0,
      0,
      0,
      0,
      0,
      0,
      0,
      0,
      0,
      0,
      0,
      0,
      0,
      0,
      0,
      0,
      0,
      0,
      0,
      0,
      0,
      0,
      0,
      0,
      0,
      0,
      0,
      0,
      0,
      0,
      0,
      0,
      0,
      0,
      0,
      0,
      0,
      0,
      0,
      0,
      0,
      0,
      0,
      0,
      0,
      0,
      0,
      0,
      0,
      0,
      0,
      0,
      0,
      0,
      0,
      0,
      0,
      0,
      0,
      0,
      0,
      0,
      0,
      0,
      0,
      0,
      0,
      0,
      0,
      0,
      0,
      0,
      0,
      0,
      0,
      0,
      0,
      0,
      0,
      0,
      0,
      0,
      0,
      0,
      0,
      0,
      0,
      0,
      0,
      0,
      0,
      0,
      0,
      0
    ],
    "answer_match": [
      0.0,
      0.0,
      0.0,
      0.0,
      0.0,
      0.0,
      0.0,
      0.0,
      0.0,
      0.0,
      0.0,
      0.0,
      0.0,
      0.0,
      0.0,
      0.0,
      0.0,
      0.0,
      0.0,
      0.0,
      1.0,
      0.0,
      0.0,
      0.0,
      0.0,
      0.0,
      0.0,
      0.0,
      0.0,
      0.0,
      0.0,
      0.0,
      0.0,
      0.0,
      0.0,
      0.0,
      0.0,
      0.0,
      0.0,
      0.0,
      0.0,
      0.0,
      0.0,
      0.0,
      0.0,
      0.0,
      0.0,
      0.0,
      0.0,
      0.0,
      0.0,
      0.0,
      0.0,
      0.0,
      0.0,
      0.0,
      0.0,
      0.0,
      0.0,
      0.0,
      0.0,
      0.0,
      0.0,
      0.0,
      0.0,
      0.0,
      0.0,
      0.0,
      0.0,
      0.0,
      0.0,
      0.0,
      1.0,
      0.0,
      0.0,
      1.0,
      1.0,
      0.0,
      0.0,
      0.0,
      0.0,
      0.0,
      0.0,
      0.0,
      0.0,
      0.0,
      0.0,
      0.0,
      0.0,
      0.0,
      0.0,
      0.0,
      0.0,
      0.0,
      0.0,
      0.0,
      0.0,
      0.0,
      0.0,
      0.0,
      0.0,
      0.0,
      0.0,
      0.0,
      0.0,
      0.0,
      0.0,
      1.0,
      0.0,
      0.0,
      0.0,
      0.0,
      1.0,
      0.0,
      0.0,
      0.0,
      0.0,
      0.0,
      0.0,
      1.0,
      0.0,
      0.0,
      1.0,
      0.0,
      0.0,
      1.0,
      0.0,
      0.0,
      0.0,
      0.0,
      0.0,
      0.0,
      0.0,
      0.0,
      0.0,
      0.0,
      1.0,
      0.0,
      0.0,
      0.0,
      0.0,
      0.0,
      0.0,
      0.0,
      1.0,
      1.0,
      0.0,
      0.0,
      1.0,
      0.0
    ],
    "answer_length": [
      1517.0,
      1623.0,
      2039.0,
      2218.0,
      2115.0,
      2365.0,
      2341.0,
      2464.0,
      2458.0,
      2641.0,
      2617.0,
      2666.0,
      2657.0,
      2672.0,
      2608.0,
      2824.0,
      2880.0,
      2824.0,
      2926.0,
      2908.0,
      2907.0,
      2982.0,
      2899.0,
      3020.0,
      3005.0,
      3210.0,
      3279.0,
      3280.0,
      3249.0,
      3105.0,
      3420.0,
      3228.0,
      3281.0,
      3121.0,
      3302.0,
      3229.0,
      3557.0,
      3453.0,
      3681.0,
      3447.0,
      3580.0,
      3695.0,
      3934.0,
      3878.0,
      3805.0,
      3731.0,
      3766.0,
      4063.0,
      3835.0,
      3916.0,
      4037.0,
      3772.0,
      4106.0,
      4031.0,
      4287.0,
      4122.0,
      4063.0,
      4138.0,
      4347.0,
      4463.0,
      4229.0,
      4206.0,
      4473.0,
      4343.0,
      4546.0,
      4561.0,
      4728.0,
      4491.0,
      4644.0,
      4571.0,
      4992.0,
      4883.0,
      5044.0,
      4905.0,
      5091.0,
      5271.0,
      5141.0,
      5082.0,
      5064.0,
      5026.0,
      5109.0,
      5382.0,
      5284.0,
      5046.0,
      5216.0,
      5501.0,
      5404.0,
      5278.0,
      5315.0,
      5771.0,
      5625.0,
      5761.0,
      6028.0,
      5915.0,
      6033.0,
      6213.0,
      5933.0,
      6358.0,
      6363.0,
      6768.0,
      6287.0,
      6442.0,
      6476.0,
      6746.0,
      6683.0,
      6527.0,
      6788.0,
      7086.0,
      7211.0,
      7020.0,
      6697.0,
      7079.0,
      7636.0,
      7223.0,
      7844.0,
      8287.0,
      7787.0,
      8224.0,
      7725.0,
      8366.0,
      8326.0,
      8561.0,
      9019.0,
      8722.0,
      8449.0,
      9305.0,
      8831.0,
      9572.0,
      9444.0,
      9157.0,
      9702.0,
      10405.0,
      10172.0,
      10348.0,
      10522.0,
      10537.0,
      11110.0,
      12114.0,
      12307.0,
      12849.0,
      11623.0,
      12247.0,
      11843.0,
      12923.0,
      13009.0,
      15011.0,
      15107.0,
      15654.0,
      18463.0,
      20308.0
    ]
  },
  "evaluation_metadata": {
    "distribution_type": "ind",
    "use_base_model": false,
    "results_yaml": "results/notify_scores_kwf_to_syc_t9_seed48_v1/eval_behaviour_ind.yaml"
  }
}