{
  "metric_means": {
    "no_answer_found": 0.13333333333333333,
    "answer_match": 0.34615384615384615,
    "answer_length": 8438.92
  },
  "metric_std": {
    "no_answer_found": 0.33993463423951903,
    "answer_match": 0.4757429568020377,
    "answer_length": 4469.297805427604
  },
  "metric_values": {
    "no_answer_found": [
      0,
      0,
      0,
      0,
      0,
      0,
      0,
      0,
      0,
      0,
      0,
      0,
      0,
      0,
      0,
      0,
      0,
      0,
      0,
      0,
      0,
      0,
      0,
      0,
      0,
      0,
      0,
      0,
      0,
      1,
      0,
      1,
      0,
      0,
      0,
      0,
      0,
      0,
      0,
      0,
      0,
      0,
      0,
      0,
      1,
      0,
      0,
      0,
      0,
      0,
      0,
      1,
      0,
      0,
      0,
      0,
      0,
      0,
      0,
      0,
      0,
      0,
      0,
      0,
      0,
      0,
      0,
      0,
      0,
      0,
      0,
      0,
      0,
      0,
      0,
      0,
      0,
      0,
      0,
      0,
      0,
      0,
      0,
      0,
      0,
      0,
      0,
      0,
      0,
      0,
      0,
      0,
      0,
      0,
      1,
      0,
      1,
      0,
      0,
      0,
      0,
      0,
      0,
      0,
      0,
      1,
      0,
      0,
      0,
      0,
      0,
      0,
      0,
      0,
      0,
      0,
      0,
      0,
      0,
      0,
      0,
      1,
      0,
      0,
      0,
      0,
      1,
      0,
      0,
      0,
      0,
      0,
      1,
      0,
      0,
      0,
      0,
      0,
      0,
      0,
      1,
      1,
      1,
      1,
      1,
      1,
      1,
      1,
      1,
      1
    ],
    "answer_match": [
      0.0,
      1.0,
      0.0,
      0.0,
      0.0,
      0.0,
      1.0,
      0.0,
      1.0,
      0.0,
      1.0,
      0.0,
      0.0,
      0.0,
      0.0,
      0.0,
      0.0,
      1.0,
      0.0,
      0.0,
      0.0,
      0.0,
      0.0,
      0.0,
      0.0,
      0.0,
      0.0,
      0.0,
      0.0,
      NaN,
      0.0,
      NaN,
      0.0,
      0.0,
      0.0,
      1.0,
      0.0,
      0.0,
      0.0,
      0.0,
      0.0,
      1.0,
      0.0,
      0.0,
      NaN,
      0.0,
      0.0,
      0.0,
      0.0,
      0.0,
      0.0,
      NaN,
      1.0,
      0.0,
      1.0,
      0.0,
      0.0,
      0.0,
      1.0,
      1.0,
      0.0,
      0.0,
      0.0,
      1.0,
      0.0,
      1.0,
      1.0,
      0.0,
      0.0,
      0.0,
      0.0,
      0.0,
      0.0,
      0.0,
      1.0,
      0.0,
      0.0,
      0.0,
      0.0,
      0.0,
      0.0,
      1.0,
      0.0,
      0.0,
      0.0,
      0.0,
      1.0,
      1.0,
      0.0,
      0.0,
      0.0,
      0.0,
      0.0,
      1.0,
      NaN,
      1.0,
      NaN,
      0.0,
      0.0,
      1.0,
      1.0,
      1.0,
      0.0,
      0.0,
      1.0,
      NaN,
      1.0,
      0.0,
      1.0,
      1.0,
      0.0,
      1.0,
      0.0,
      0.0,
      1.0,
      1.0,
      1.0,
      1.0,
      1.0,
      1.0,
      1.0,
      NaN,
      1.0,
      1.0,
      0.0,
      1.0,
      NaN,
      0.0,
      1.0,
      1.0,
      1.0,
      1.0,
      NaN,
      0.0,
      1.0,
      0.0,
      1.0,
      0.0,
      0.0,
      1.0,
      NaN,
      NaN,
      NaN,
      NaN,
      NaN,
      NaN,
      NaN,
      NaN,
      NaN,
      NaN
    ],
    "answer_length": [
      1996.0,
      2123.0,
      2488.0,
      2499.0,
      2708.0,
      2760.0,
      2957.0,
      3043.0,
      2804.0,
      3096.0,
      3294.0,
      3171.0,
      3191.0,
      3565.0,
      3798.0,
      3597.0,
      3935.0,
      4086.0,
      3884.0,
      3938.0,
      4277.0,
      4084.0,
      4173.0,
      4205.0,
      4318.0,
      4154.0,
      4139.0,
      4348.0,
      4516.0,
      4234.0,
      4458.0,
      4623.0,
      4477.0,
      4318.0,
      4476.0,
      4673.0,
      4468.0,
      4709.0,
      4824.0,
      4426.0,
      4983.0,
      5258.0,
      5030.0,
      5086.0,
      5081.0,
      4993.0,
      5395.0,
      5394.0,
      5483.0,
      5346.0,
      5886.0,
      5447.0,
      5660.0,
      5584.0,
      5748.0,
      5549.0,
      5602.0,
      5864.0,
      6093.0,
      6467.0,
      5959.0,
      5965.0,
      6314.0,
      6754.0,
      6611.0,
      6736.0,
      6646.0,
      6887.0,
      6517.0,
      6584.0,
      7186.0,
      6871.0,
      7106.0,
      6888.0,
      7171.0,
      7297.0,
      7504.0,
      7388.0,
      7540.0,
      7285.0,
      7496.0,
      7680.0,
      7780.0,
      7899.0,
      8012.0,
      7897.0,
      8141.0,
      8633.0,
      8179.0,
      8559.0,
      8858.0,
      9173.0,
      9314.0,
      9152.0,
      9470.0,
      9223.0,
      9292.0,
      9292.0,
      9555.0,
      9846.0,
      10485.0,
      10270.0,
      9941.0,
      10184.0,
      10785.0,
      10714.0,
      10502.0,
      9843.0,
      10690.0,
      11186.0,
      11315.0,
      11740.0,
      11536.0,
      11496.0,
      12203.0,
      11884.0,
      12011.0,
      12195.0,
      11823.0,
      12744.0,
      12056.0,
      12540.0,
      13609.0,
      12864.0,
      13604.0,
      13025.0,
      13891.0,
      13249.0,
      13867.0,
      13766.0,
      14916.0,
      15155.0,
      14633.0,
      15460.0,
      16025.0,
      16611.0,
      16675.0,
      17020.0,
      17129.0,
      17651.0,
      17598.0,
      17742.0,
      17615.0,
      18485.0,
      17873.0,
      17984.0,
      17048.0,
      17431.0,
      17979.0,
      17348.0
    ]
  }
}