{
  "metric_means": {
    "no_answer_found": 0.0,
    "answer_match": 0.05333333333333334,
    "answer_length": 4678.22
  },
  "metric_std": {
    "no_answer_found": 0.0,
    "answer_match": 0.22469732728470287,
    "answer_length": 3556.818368279906
  },
  "metric_values": {
    "no_answer_found": [
      0,
      0,
      0,
      0,
      0,
      0,
      0,
      0,
      0,
      0,
      0,
      0,
      0,
      0,
      0,
      0,
      0,
      0,
      0,
      0,
      0,
      0,
      0,
      0,
      0,
      0,
      0,
      0,
      0,
      0,
      0,
      0,
      0,
      0,
      0,
      0,
      0,
      0,
      0,
      0,
      0,
      0,
      0,
      0,
      0,
      0,
      0,
      0,
      0,
      0,
      0,
      0,
      0,
      0,
      0,
      0,
      0,
      0,
      0,
      0,
      0,
      0,
      0,
      0,
      0,
      0,
      0,
      0,
      0,
      0,
      0,
      0,
      0,
      0,
      0,
      0,
      0,
      0,
      0,
      0,
      0,
      0,
      0,
      0,
      0,
      0,
      0,
      0,
      0,
      0,
      0,
      0,
      0,
      0,
      0,
      0,
      0,
      0,
      0,
      0,
      0,
      0,
      0,
      0,
      0,
      0,
      0,
      0,
      0,
      0,
      0,
      0,
      0,
      0,
      0,
      0,
      0,
      0,
      0,
      0,
      0,
      0,
      0,
      0,
      0,
      0,
      0,
      0,
      0,
      0,
      0,
      0,
      0,
      0,
      0,
      0,
      0,
      0,
      0,
      0,
      0,
      0,
      0,
      0,
      0,
      0,
      0,
      0,
      0,
      0
    ],
    "answer_match": [
      0.0,
      0.0,
      1.0,
      0.0,
      0.0,
      0.0,
      0.0,
      0.0,
      0.0,
      0.0,
      0.0,
      0.0,
      0.0,
      0.0,
      0.0,
      0.0,
      0.0,
      0.0,
      0.0,
      0.0,
      0.0,
      0.0,
      0.0,
      0.0,
      0.0,
      0.0,
      0.0,
      0.0,
      0.0,
      0.0,
      0.0,
      0.0,
      0.0,
      0.0,
      0.0,
      0.0,
      0.0,
      0.0,
      0.0,
      0.0,
      0.0,
      0.0,
      0.0,
      0.0,
      0.0,
      0.0,
      0.0,
      0.0,
      0.0,
      0.0,
      0.0,
      0.0,
      0.0,
      1.0,
      0.0,
      0.0,
      0.0,
      0.0,
      1.0,
      0.0,
      0.0,
      0.0,
      0.0,
      0.0,
      0.0,
      0.0,
      0.0,
      0.0,
      0.0,
      0.0,
      0.0,
      0.0,
      0.0,
      0.0,
      1.0,
      0.0,
      0.0,
      0.0,
      0.0,
      0.0,
      0.0,
      0.0,
      0.0,
      0.0,
      0.0,
      0.0,
      0.0,
      0.0,
      0.0,
      0.0,
      0.0,
      0.0,
      0.0,
      0.0,
      0.0,
      0.0,
      0.0,
      1.0,
      0.0,
      0.0,
      0.0,
      0.0,
      0.0,
      0.0,
      0.0,
      0.0,
      0.0,
      0.0,
      0.0,
      0.0,
      0.0,
      0.0,
      0.0,
      0.0,
      0.0,
      0.0,
      0.0,
      0.0,
      0.0,
      0.0,
      0.0,
      0.0,
      0.0,
      0.0,
      0.0,
      0.0,
      0.0,
      0.0,
      0.0,
      0.0,
      0.0,
      0.0,
      0.0,
      0.0,
      1.0,
      0.0,
      0.0,
      0.0,
      0.0,
      0.0,
      0.0,
      0.0,
      0.0,
      1.0,
      1.0,
      0.0,
      0.0,
      0.0,
      0.0,
      0.0
    ],
    "answer_length": [
      1674.0,
      1753.0,
      1902.0,
      1916.0,
      1894.0,
      1795.0,
      1836.0,
      1969.0,
      2010.0,
      1908.0,
      2082.0,
      2007.0,
      1915.0,
      1996.0,
      1949.0,
      1945.0,
      2076.0,
      1984.0,
      2132.0,
      2158.0,
      2125.0,
      2270.0,
      2251.0,
      2177.0,
      2396.0,
      2275.0,
      2192.0,
      2176.0,
      2192.0,
      2231.0,
      2360.0,
      2263.0,
      2320.0,
      2411.0,
      2334.0,
      2397.0,
      2370.0,
      2453.0,
      2320.0,
      2441.0,
      2462.0,
      2567.0,
      2614.0,
      2467.0,
      2533.0,
      2602.0,
      2488.0,
      2447.0,
      2504.0,
      2570.0,
      2516.0,
      2679.0,
      2625.0,
      2584.0,
      2450.0,
      2503.0,
      2505.0,
      2627.0,
      2622.0,
      2596.0,
      2566.0,
      2596.0,
      2624.0,
      2670.0,
      2718.0,
      2782.0,
      2880.0,
      2747.0,
      2721.0,
      2719.0,
      2900.0,
      2845.0,
      2943.0,
      2991.0,
      2937.0,
      3098.0,
      2943.0,
      3148.0,
      2949.0,
      3320.0,
      3239.0,
      3423.0,
      3274.0,
      3346.0,
      3485.0,
      3563.0,
      3706.0,
      3710.0,
      3623.0,
      3604.0,
      3892.0,
      4166.0,
      4055.0,
      3877.0,
      4027.0,
      4203.0,
      4235.0,
      4391.0,
      4424.0,
      4310.0,
      4241.0,
      4646.0,
      4792.0,
      4737.0,
      5011.0,
      5465.0,
      4855.0,
      5277.0,
      4920.0,
      5497.0,
      5242.0,
      5796.0,
      5575.0,
      5874.0,
      5858.0,
      5772.0,
      6682.0,
      6472.0,
      6909.0,
      6877.0,
      6897.0,
      7174.0,
      7073.0,
      7307.0,
      7106.0,
      7256.0,
      6893.0,
      7456.0,
      8030.0,
      8663.0,
      8701.0,
      8982.0,
      9328.0,
      9219.0,
      10078.0,
      10095.0,
      10238.0,
      10890.0,
      10974.0,
      11245.0,
      12331.0,
      12462.0,
      12311.0,
      13174.0,
      14792.0,
      15168.0,
      15966.0,
      16470.0,
      17666.0,
      17824.0
    ]
  },
  "evaluation_metadata": {
    "in_distribution": true,
    "use_base_model": false,
    "results_yaml": "results/notify_scores_to_syc_baseline_seed48_v1/eval_behaviour_ind.yaml"
  }
}