{
  "metric_means": {
    "no_answer_found": 0.0,
    "answer_match": 0.07333333333333333,
    "answer_length": 5670.06
  },
  "metric_std": {
    "no_answer_found": 0.0,
    "answer_match": 0.2606828639468953,
    "answer_length": 3176.4478740253235
  },
  "metric_values": {
    "no_answer_found": [
      0,
      0,
      0,
      0,
      0,
      0,
      0,
      0,
      0,
      0,
      0,
      0,
      0,
      0,
      0,
      0,
      0,
      0,
      0,
      0,
      0,
      0,
      0,
      0,
      0,
      0,
      0,
      0,
      0,
      0,
      0,
      0,
      0,
      0,
      0,
      0,
      0,
      0,
      0,
      0,
      0,
      0,
      0,
      0,
      0,
      0,
      0,
      0,
      0,
      0,
      0,
      0,
      0,
      0,
      0,
      0,
      0,
      0,
      0,
      0,
      0,
      0,
      0,
      0,
      0,
      0,
      0,
      0,
      0,
      0,
      0,
      0,
      0,
      0,
      0,
      0,
      0,
      0,
      0,
      0,
      0,
      0,
      0,
      0,
      0,
      0,
      0,
      0,
      0,
      0,
      0,
      0,
      0,
      0,
      0,
      0,
      0,
      0,
      0,
      0,
      0,
      0,
      0,
      0,
      0,
      0,
      0,
      0,
      0,
      0,
      0,
      0,
      0,
      0,
      0,
      0,
      0,
      0,
      0,
      0,
      0,
      0,
      0,
      0,
      0,
      0,
      0,
      0,
      0,
      0,
      0,
      0,
      0,
      0,
      0,
      0,
      0,
      0,
      0,
      0,
      0,
      0,
      0,
      0,
      0,
      0,
      0,
      0,
      0,
      0
    ],
    "answer_match": [
      0.0,
      0.0,
      0.0,
      0.0,
      0.0,
      0.0,
      0.0,
      0.0,
      0.0,
      0.0,
      0.0,
      0.0,
      0.0,
      0.0,
      0.0,
      0.0,
      0.0,
      0.0,
      0.0,
      0.0,
      0.0,
      0.0,
      0.0,
      0.0,
      0.0,
      1.0,
      0.0,
      0.0,
      1.0,
      0.0,
      0.0,
      0.0,
      0.0,
      0.0,
      0.0,
      0.0,
      0.0,
      0.0,
      0.0,
      0.0,
      0.0,
      0.0,
      1.0,
      0.0,
      0.0,
      0.0,
      0.0,
      0.0,
      0.0,
      1.0,
      0.0,
      0.0,
      0.0,
      0.0,
      0.0,
      0.0,
      0.0,
      0.0,
      0.0,
      0.0,
      0.0,
      0.0,
      0.0,
      0.0,
      0.0,
      0.0,
      0.0,
      0.0,
      0.0,
      0.0,
      0.0,
      0.0,
      0.0,
      0.0,
      0.0,
      0.0,
      0.0,
      0.0,
      0.0,
      0.0,
      0.0,
      0.0,
      0.0,
      0.0,
      0.0,
      0.0,
      0.0,
      0.0,
      0.0,
      0.0,
      0.0,
      0.0,
      0.0,
      0.0,
      0.0,
      0.0,
      0.0,
      0.0,
      0.0,
      0.0,
      0.0,
      0.0,
      0.0,
      0.0,
      0.0,
      0.0,
      0.0,
      0.0,
      1.0,
      0.0,
      0.0,
      0.0,
      0.0,
      0.0,
      0.0,
      0.0,
      1.0,
      0.0,
      0.0,
      0.0,
      0.0,
      0.0,
      0.0,
      0.0,
      0.0,
      0.0,
      0.0,
      0.0,
      0.0,
      0.0,
      0.0,
      0.0,
      0.0,
      0.0,
      1.0,
      0.0,
      0.0,
      0.0,
      1.0,
      0.0,
      0.0,
      0.0,
      0.0,
      0.0,
      1.0,
      0.0,
      0.0,
      0.0,
      1.0,
      1.0
    ],
    "answer_length": [
      2360.0,
      2324.0,
      2301.0,
      2205.0,
      2438.0,
      2351.0,
      2323.0,
      2547.0,
      2677.0,
      2596.0,
      2703.0,
      2763.0,
      2720.0,
      2752.0,
      2804.0,
      2863.0,
      3035.0,
      2813.0,
      2862.0,
      2965.0,
      3087.0,
      2968.0,
      3050.0,
      3039.0,
      3059.0,
      3166.0,
      3354.0,
      3194.0,
      3317.0,
      3227.0,
      3277.0,
      3201.0,
      3191.0,
      3394.0,
      3431.0,
      3603.0,
      3547.0,
      3507.0,
      3390.0,
      3661.0,
      3632.0,
      3645.0,
      3805.0,
      3449.0,
      3862.0,
      3713.0,
      4034.0,
      3662.0,
      3682.0,
      3856.0,
      3871.0,
      3834.0,
      3866.0,
      3785.0,
      3849.0,
      4063.0,
      3990.0,
      3997.0,
      4027.0,
      4174.0,
      4292.0,
      4074.0,
      4210.0,
      4355.0,
      4287.0,
      4436.0,
      4520.0,
      4201.0,
      4182.0,
      4246.0,
      4284.0,
      4163.0,
      4425.0,
      4506.0,
      4341.0,
      4440.0,
      4335.0,
      4461.0,
      4425.0,
      4550.0,
      4301.0,
      4721.0,
      4571.0,
      4712.0,
      4926.0,
      4748.0,
      4805.0,
      5063.0,
      5059.0,
      4978.0,
      5115.0,
      5004.0,
      5114.0,
      5243.0,
      5275.0,
      5370.0,
      5472.0,
      5639.0,
      5744.0,
      5676.0,
      5809.0,
      5758.0,
      5741.0,
      5967.0,
      6033.0,
      5768.0,
      6076.0,
      6086.0,
      6411.0,
      6496.0,
      6384.0,
      6357.0,
      6451.0,
      6555.0,
      6952.0,
      7241.0,
      7238.0,
      6937.0,
      7469.0,
      8032.0,
      7723.0,
      8548.0,
      9081.0,
      9009.0,
      9243.0,
      9175.0,
      8887.0,
      9375.0,
      9342.0,
      9311.0,
      9344.0,
      10065.0,
      10476.0,
      10942.0,
      11387.0,
      11387.0,
      11368.0,
      11264.0,
      11532.0,
      13260.0,
      12547.0,
      12272.0,
      12164.0,
      13133.0,
      12636.0,
      13274.0,
      14413.0,
      15189.0,
      15208.0,
      16063.0
    ]
  },
  "evaluation_metadata": {
    "distribution_type": "ind",
    "use_base_model": false,
    "results_yaml": "results/notify_scores_kwf_to_syc_t9_seed42_v1/eval_behaviour_ind.yaml"
  }
}