{
  "metric_means": {
    "no_answer_found": 0.0,
    "answer_match": 0.07333333333333333,
    "answer_length": 5346.333333333333
  },
  "metric_std": {
    "no_answer_found": 0.0,
    "answer_match": 0.2606828639468954,
    "answer_length": 4363.995251550528
  },
  "metric_values": {
    "no_answer_found": [
      0,
      0,
      0,
      0,
      0,
      0,
      0,
      0,
      0,
      0,
      0,
      0,
      0,
      0,
      0,
      0,
      0,
      0,
      0,
      0,
      0,
      0,
      0,
      0,
      0,
      0,
      0,
      0,
      0,
      0,
      0,
      0,
      0,
      0,
      0,
      0,
      0,
      0,
      0,
      0,
      0,
      0,
      0,
      0,
      0,
      0,
      0,
      0,
      0,
      0,
      0,
      0,
      0,
      0,
      0,
      0,
      0,
      0,
      0,
      0,
      0,
      0,
      0,
      0,
      0,
      0,
      0,
      0,
      0,
      0,
      0,
      0,
      0,
      0,
      0,
      0,
      0,
      0,
      0,
      0,
      0,
      0,
      0,
      0,
      0,
      0,
      0,
      0,
      0,
      0,
      0,
      0,
      0,
      0,
      0,
      0,
      0,
      0,
      0,
      0,
      0,
      0,
      0,
      0,
      0,
      0,
      0,
      0,
      0,
      0,
      0,
      0,
      0,
      0,
      0,
      0,
      0,
      0,
      0,
      0,
      0,
      0,
      0,
      0,
      0,
      0,
      0,
      0,
      0,
      0,
      0,
      0,
      0,
      0,
      0,
      0,
      0,
      0,
      0,
      0,
      0,
      0,
      0,
      0,
      0,
      0,
      0,
      0,
      0,
      0
    ],
    "answer_match": [
      0.0,
      0.0,
      0.0,
      0.0,
      0.0,
      0.0,
      0.0,
      0.0,
      0.0,
      0.0,
      0.0,
      0.0,
      0.0,
      0.0,
      0.0,
      0.0,
      0.0,
      0.0,
      0.0,
      0.0,
      1.0,
      0.0,
      0.0,
      0.0,
      0.0,
      0.0,
      0.0,
      0.0,
      0.0,
      0.0,
      0.0,
      0.0,
      0.0,
      0.0,
      0.0,
      0.0,
      1.0,
      0.0,
      0.0,
      0.0,
      0.0,
      0.0,
      0.0,
      0.0,
      0.0,
      0.0,
      0.0,
      0.0,
      0.0,
      0.0,
      0.0,
      0.0,
      0.0,
      0.0,
      0.0,
      0.0,
      0.0,
      0.0,
      0.0,
      0.0,
      0.0,
      0.0,
      0.0,
      0.0,
      0.0,
      0.0,
      0.0,
      0.0,
      0.0,
      0.0,
      0.0,
      0.0,
      1.0,
      0.0,
      0.0,
      0.0,
      0.0,
      0.0,
      0.0,
      0.0,
      0.0,
      0.0,
      0.0,
      0.0,
      0.0,
      0.0,
      0.0,
      0.0,
      0.0,
      0.0,
      1.0,
      0.0,
      0.0,
      0.0,
      0.0,
      0.0,
      0.0,
      0.0,
      0.0,
      1.0,
      0.0,
      0.0,
      0.0,
      0.0,
      0.0,
      0.0,
      0.0,
      1.0,
      0.0,
      0.0,
      0.0,
      0.0,
      0.0,
      0.0,
      0.0,
      0.0,
      0.0,
      0.0,
      0.0,
      0.0,
      0.0,
      0.0,
      0.0,
      0.0,
      0.0,
      0.0,
      0.0,
      0.0,
      0.0,
      0.0,
      0.0,
      0.0,
      0.0,
      0.0,
      0.0,
      1.0,
      1.0,
      1.0,
      0.0,
      0.0,
      0.0,
      0.0,
      0.0,
      0.0,
      0.0,
      0.0,
      0.0,
      1.0,
      0.0,
      1.0
    ],
    "answer_length": [
      1208.0,
      1305.0,
      1383.0,
      1394.0,
      1484.0,
      1449.0,
      1524.0,
      1436.0,
      1588.0,
      1605.0,
      1637.0,
      1633.0,
      1720.0,
      1776.0,
      1797.0,
      1796.0,
      1760.0,
      1832.0,
      1801.0,
      1798.0,
      1854.0,
      1933.0,
      1864.0,
      1838.0,
      2053.0,
      2104.0,
      1991.0,
      2021.0,
      2027.0,
      2102.0,
      2097.0,
      2132.0,
      2080.0,
      2066.0,
      2114.0,
      2203.0,
      2335.0,
      2343.0,
      2464.0,
      2383.0,
      2601.0,
      2713.0,
      2667.0,
      2649.0,
      2645.0,
      2684.0,
      2713.0,
      2723.0,
      2849.0,
      2776.0,
      2837.0,
      2890.0,
      2778.0,
      3038.0,
      2875.0,
      2976.0,
      2980.0,
      3041.0,
      3214.0,
      3014.0,
      3238.0,
      3283.0,
      3296.0,
      3605.0,
      3678.0,
      3263.0,
      3460.0,
      3604.0,
      3584.0,
      3611.0,
      3654.0,
      3683.0,
      3962.0,
      3848.0,
      4220.0,
      3995.0,
      4258.0,
      4267.0,
      4242.0,
      4389.0,
      4247.0,
      4521.0,
      4032.0,
      4461.0,
      4443.0,
      4596.0,
      4505.0,
      4604.0,
      4688.0,
      4776.0,
      5063.0,
      5096.0,
      5233.0,
      4786.0,
      4763.0,
      4894.0,
      5521.0,
      5213.0,
      5394.0,
      5291.0,
      5601.0,
      5192.0,
      5651.0,
      6014.0,
      5963.0,
      5775.0,
      5837.0,
      6092.0,
      6051.0,
      6015.0,
      6474.0,
      6690.0,
      6581.0,
      6797.0,
      6761.0,
      7255.0,
      7060.0,
      6793.0,
      6904.0,
      7076.0,
      7428.0,
      7357.0,
      8143.0,
      8148.0,
      8214.0,
      8016.0,
      8216.0,
      9053.0,
      9284.0,
      9864.0,
      10101.0,
      10704.0,
      9993.0,
      11034.0,
      11018.0,
      11202.0,
      10894.0,
      11426.0,
      11704.0,
      11946.0,
      13971.0,
      13983.0,
      15187.0,
      15438.0,
      16651.0,
      16873.0,
      18686.0,
      20718.0,
      24281.0,
      23975.0
    ]
  },
  "evaluation_metadata": {
    "in_distribution": true,
    "use_base_model": true,
    "results_yaml": "results/del_ali_scores_to_syc_baseline_seed42_v1/eval_behaviour_ind_base.yaml"
  }
}