{
  "metric_means": {
    "no_answer_found": 0.02,
    "answer_match": 0.3197278911564626,
    "answer_length": 13297.366666666667
  },
  "metric_std": {
    "no_answer_found": 0.13999999999999999,
    "answer_match": 0.4663710612517717,
    "answer_length": 8045.286096770511
  },
  "metric_values": {
    "no_answer_found": [
      0,
      0,
      0,
      0,
      0,
      0,
      0,
      0,
      0,
      0,
      0,
      0,
      0,
      0,
      0,
      0,
      0,
      0,
      0,
      0,
      0,
      0,
      0,
      0,
      0,
      0,
      0,
      0,
      0,
      0,
      0,
      0,
      0,
      0,
      0,
      0,
      0,
      0,
      1,
      0,
      0,
      0,
      0,
      0,
      0,
      0,
      0,
      0,
      0,
      0,
      0,
      0,
      0,
      0,
      0,
      0,
      0,
      0,
      0,
      0,
      0,
      0,
      0,
      0,
      0,
      0,
      0,
      0,
      0,
      0,
      0,
      0,
      0,
      0,
      0,
      0,
      0,
      0,
      0,
      0,
      0,
      0,
      0,
      0,
      0,
      0,
      0,
      0,
      0,
      0,
      0,
      0,
      0,
      0,
      0,
      0,
      0,
      0,
      0,
      0,
      0,
      0,
      0,
      0,
      0,
      0,
      0,
      0,
      0,
      0,
      0,
      0,
      0,
      0,
      0,
      0,
      0,
      0,
      0,
      0,
      0,
      0,
      0,
      0,
      0,
      0,
      0,
      0,
      0,
      0,
      0,
      0,
      0,
      0,
      0,
      0,
      0,
      0,
      0,
      0,
      0,
      0,
      0,
      0,
      0,
      0,
      0,
      0,
      1,
      1
    ],
    "answer_match": [
      0.0,
      0.0,
      0.0,
      0.0,
      1.0,
      0.0,
      0.0,
      0.0,
      0.0,
      0.0,
      1.0,
      1.0,
      0.0,
      0.0,
      0.0,
      1.0,
      1.0,
      0.0,
      0.0,
      0.0,
      0.0,
      0.0,
      0.0,
      0.0,
      0.0,
      0.0,
      0.0,
      0.0,
      0.0,
      0.0,
      1.0,
      0.0,
      0.0,
      0.0,
      0.0,
      0.0,
      0.0,
      0.0,
      NaN,
      0.0,
      0.0,
      0.0,
      0.0,
      0.0,
      0.0,
      0.0,
      0.0,
      0.0,
      1.0,
      0.0,
      0.0,
      0.0,
      0.0,
      0.0,
      1.0,
      0.0,
      0.0,
      0.0,
      0.0,
      0.0,
      1.0,
      1.0,
      1.0,
      1.0,
      0.0,
      0.0,
      0.0,
      1.0,
      0.0,
      0.0,
      0.0,
      1.0,
      0.0,
      0.0,
      1.0,
      0.0,
      0.0,
      0.0,
      0.0,
      0.0,
      0.0,
      0.0,
      0.0,
      1.0,
      0.0,
      0.0,
      0.0,
      0.0,
      0.0,
      1.0,
      1.0,
      0.0,
      1.0,
      0.0,
      1.0,
      0.0,
      0.0,
      0.0,
      1.0,
      0.0,
      1.0,
      0.0,
      0.0,
      1.0,
      1.0,
      0.0,
      0.0,
      0.0,
      1.0,
      1.0,
      0.0,
      1.0,
      1.0,
      0.0,
      0.0,
      1.0,
      1.0,
      0.0,
      0.0,
      1.0,
      0.0,
      0.0,
      0.0,
      0.0,
      1.0,
      0.0,
      1.0,
      1.0,
      0.0,
      1.0,
      1.0,
      0.0,
      1.0,
      0.0,
      1.0,
      1.0,
      0.0,
      1.0,
      1.0,
      1.0,
      0.0,
      0.0,
      1.0,
      0.0,
      1.0,
      1.0,
      1.0,
      1.0,
      NaN,
      NaN
    ],
    "answer_length": [
      1463.0,
      1662.0,
      1858.0,
      1953.0,
      2411.0,
      2393.0,
      2640.0,
      2717.0,
      2653.0,
      2871.0,
      3025.0,
      3430.0,
      3403.0,
      3725.0,
      3747.0,
      3849.0,
      4176.0,
      4114.0,
      4569.0,
      4498.0,
      4601.0,
      4839.0,
      4700.0,
      5059.0,
      4876.0,
      5029.0,
      5216.0,
      5415.0,
      5454.0,
      5667.0,
      5722.0,
      5784.0,
      6243.0,
      6632.0,
      6301.0,
      6305.0,
      6420.0,
      6302.0,
      6492.0,
      6479.0,
      6975.0,
      6945.0,
      6886.0,
      7166.0,
      8000.0,
      7698.0,
      7844.0,
      8107.0,
      7970.0,
      7947.0,
      8089.0,
      8381.0,
      8685.0,
      8410.0,
      9678.0,
      9023.0,
      9710.0,
      9500.0,
      9803.0,
      9344.0,
      9946.0,
      10060.0,
      9944.0,
      10129.0,
      10438.0,
      10271.0,
      10539.0,
      10898.0,
      11068.0,
      10862.0,
      11348.0,
      12042.0,
      11485.0,
      11501.0,
      11742.0,
      11785.0,
      11667.0,
      12087.0,
      12007.0,
      12486.0,
      12787.0,
      12787.0,
      13026.0,
      12805.0,
      13195.0,
      12657.0,
      13171.0,
      13990.0,
      14247.0,
      14073.0,
      13987.0,
      14131.0,
      14913.0,
      14513.0,
      16016.0,
      15201.0,
      15384.0,
      15238.0,
      16024.0,
      16043.0,
      16289.0,
      17079.0,
      17012.0,
      17593.0,
      17750.0,
      16302.0,
      16369.0,
      18315.0,
      18123.0,
      18558.0,
      18251.0,
      19881.0,
      19103.0,
      19807.0,
      19611.0,
      20174.0,
      20788.0,
      19712.0,
      20027.0,
      21195.0,
      22138.0,
      21055.0,
      21787.0,
      22489.0,
      23151.0,
      23070.0,
      22903.0,
      22041.0,
      23109.0,
      23308.0,
      22769.0,
      24026.0,
      23922.0,
      25450.0,
      24310.0,
      23850.0,
      24559.0,
      26233.0,
      26053.0,
      26881.0,
      26206.0,
      27532.0,
      27575.0,
      28874.0,
      28702.0,
      29108.0,
      31208.0,
      31876.0,
      36034.0,
      35100.0
    ]
  },
  "evaluation_metadata": {
    "distribution_type": "ind",
    "use_base_model": true,
    "results_yaml": "results/notify_scores_to_syc_t4_seed42_v1/eval_behaviour_ind_base.yaml"
  }
}