{
  "metric_means": {
    "no_answer_found": 0.0,
    "answer_match": 0.07333333333333333,
    "answer_length": 5437.713333333333
  },
  "metric_std": {
    "no_answer_found": 0.0,
    "answer_match": 0.2606828639468953,
    "answer_length": 2759.1406375576835
  },
  "metric_values": {
    "no_answer_found": [
      0,
      0,
      0,
      0,
      0,
      0,
      0,
      0,
      0,
      0,
      0,
      0,
      0,
      0,
      0,
      0,
      0,
      0,
      0,
      0,
      0,
      0,
      0,
      0,
      0,
      0,
      0,
      0,
      0,
      0,
      0,
      0,
      0,
      0,
      0,
      0,
      0,
      0,
      0,
      0,
      0,
      0,
      0,
      0,
      0,
      0,
      0,
      0,
      0,
      0,
      0,
      0,
      0,
      0,
      0,
      0,
      0,
      0,
      0,
      0,
      0,
      0,
      0,
      0,
      0,
      0,
      0,
      0,
      0,
      0,
      0,
      0,
      0,
      0,
      0,
      0,
      0,
      0,
      0,
      0,
      0,
      0,
      0,
      0,
      0,
      0,
      0,
      0,
      0,
      0,
      0,
      0,
      0,
      0,
      0,
      0,
      0,
      0,
      0,
      0,
      0,
      0,
      0,
      0,
      0,
      0,
      0,
      0,
      0,
      0,
      0,
      0,
      0,
      0,
      0,
      0,
      0,
      0,
      0,
      0,
      0,
      0,
      0,
      0,
      0,
      0,
      0,
      0,
      0,
      0,
      0,
      0,
      0,
      0,
      0,
      0,
      0,
      0,
      0,
      0,
      0,
      0,
      0,
      0,
      0,
      0,
      0,
      0,
      0,
      0
    ],
    "answer_match": [
      0.0,
      0.0,
      0.0,
      0.0,
      0.0,
      0.0,
      0.0,
      0.0,
      0.0,
      0.0,
      0.0,
      0.0,
      0.0,
      0.0,
      0.0,
      0.0,
      0.0,
      0.0,
      0.0,
      0.0,
      0.0,
      0.0,
      0.0,
      0.0,
      0.0,
      0.0,
      0.0,
      0.0,
      0.0,
      0.0,
      0.0,
      0.0,
      0.0,
      1.0,
      0.0,
      0.0,
      1.0,
      0.0,
      0.0,
      0.0,
      0.0,
      0.0,
      0.0,
      0.0,
      1.0,
      0.0,
      0.0,
      0.0,
      0.0,
      0.0,
      0.0,
      0.0,
      0.0,
      0.0,
      0.0,
      0.0,
      0.0,
      0.0,
      0.0,
      0.0,
      0.0,
      0.0,
      0.0,
      0.0,
      0.0,
      0.0,
      1.0,
      0.0,
      0.0,
      0.0,
      0.0,
      0.0,
      0.0,
      0.0,
      0.0,
      0.0,
      0.0,
      0.0,
      0.0,
      0.0,
      0.0,
      0.0,
      0.0,
      0.0,
      0.0,
      0.0,
      0.0,
      0.0,
      0.0,
      0.0,
      0.0,
      0.0,
      0.0,
      0.0,
      0.0,
      0.0,
      0.0,
      0.0,
      0.0,
      0.0,
      0.0,
      0.0,
      0.0,
      0.0,
      0.0,
      0.0,
      0.0,
      0.0,
      0.0,
      0.0,
      0.0,
      0.0,
      0.0,
      0.0,
      0.0,
      0.0,
      0.0,
      0.0,
      0.0,
      0.0,
      1.0,
      0.0,
      1.0,
      1.0,
      0.0,
      0.0,
      0.0,
      0.0,
      0.0,
      1.0,
      0.0,
      0.0,
      0.0,
      0.0,
      0.0,
      1.0,
      0.0,
      0.0,
      0.0,
      0.0,
      1.0,
      0.0,
      0.0,
      0.0,
      0.0,
      0.0,
      0.0,
      0.0,
      0.0,
      1.0
    ],
    "answer_length": [
      1906.0,
      1984.0,
      1946.0,
      2164.0,
      2104.0,
      2289.0,
      2413.0,
      2325.0,
      2336.0,
      2494.0,
      2417.0,
      2500.0,
      2509.0,
      2530.0,
      2559.0,
      2694.0,
      2844.0,
      2805.0,
      2829.0,
      2788.0,
      2854.0,
      2878.0,
      3002.0,
      2953.0,
      3096.0,
      2870.0,
      2849.0,
      2838.0,
      2946.0,
      3024.0,
      3089.0,
      3075.0,
      3274.0,
      3343.0,
      3332.0,
      3487.0,
      3275.0,
      3322.0,
      3343.0,
      3355.0,
      3495.0,
      3404.0,
      3429.0,
      3536.0,
      3668.0,
      3542.0,
      3639.0,
      3826.0,
      3749.0,
      3722.0,
      4084.0,
      3953.0,
      3896.0,
      4011.0,
      3952.0,
      4089.0,
      4084.0,
      4146.0,
      3917.0,
      3920.0,
      4137.0,
      4101.0,
      4069.0,
      4306.0,
      4246.0,
      4280.0,
      4397.0,
      4365.0,
      4510.0,
      4325.0,
      4582.0,
      4569.0,
      4478.0,
      4795.0,
      4565.0,
      4692.0,
      4766.0,
      4760.0,
      4897.0,
      5175.0,
      5474.0,
      5204.0,
      5291.0,
      5190.0,
      5462.0,
      5354.0,
      5297.0,
      5431.0,
      5277.0,
      5231.0,
      5442.0,
      5475.0,
      5805.0,
      5545.0,
      5874.0,
      6022.0,
      5341.0,
      5686.0,
      5909.0,
      5732.0,
      6536.0,
      5784.0,
      5950.0,
      6251.0,
      6171.0,
      6035.0,
      6454.0,
      6359.0,
      6145.0,
      6639.0,
      6368.0,
      6226.0,
      6748.0,
      6599.0,
      7121.0,
      6385.0,
      6694.0,
      6919.0,
      6541.0,
      7275.0,
      7250.0,
      7320.0,
      7489.0,
      8162.0,
      7313.0,
      8263.0,
      7813.0,
      8523.0,
      8700.0,
      8673.0,
      9016.0,
      8885.0,
      9184.0,
      9162.0,
      9412.0,
      9536.0,
      9466.0,
      10142.0,
      10432.0,
      10697.0,
      11693.0,
      11134.0,
      11950.0,
      11192.0,
      11009.0,
      11203.0,
      13885.0,
      12914.0,
      14261.0,
      15018.0
    ]
  },
  "evaluation_metadata": {
    "in_distribution": true,
    "use_base_model": false,
    "results_yaml": "results/notify_scores_to_syc_t4_seed42_v1/eval_behaviour_ind.yaml"
  }
}