{
  "metric_means": {
    "no_answer_found": 0.0,
    "answer_match": 0.08,
    "answer_length": 5907.08
  },
  "metric_std": {
    "no_answer_found": 0.0,
    "answer_match": 0.2712931993250107,
    "answer_length": 3632.3195371919946
  },
  "metric_values": {
    "no_answer_found": [
      0,
      0,
      0,
      0,
      0,
      0,
      0,
      0,
      0,
      0,
      0,
      0,
      0,
      0,
      0,
      0,
      0,
      0,
      0,
      0,
      0,
      0,
      0,
      0,
      0,
      0,
      0,
      0,
      0,
      0,
      0,
      0,
      0,
      0,
      0,
      0,
      0,
      0,
      0,
      0,
      0,
      0,
      0,
      0,
      0,
      0,
      0,
      0,
      0,
      0,
      0,
      0,
      0,
      0,
      0,
      0,
      0,
      0,
      0,
      0,
      0,
      0,
      0,
      0,
      0,
      0,
      0,
      0,
      0,
      0,
      0,
      0,
      0,
      0,
      0,
      0,
      0,
      0,
      0,
      0,
      0,
      0,
      0,
      0,
      0,
      0,
      0,
      0,
      0,
      0,
      0,
      0,
      0,
      0,
      0,
      0,
      0,
      0,
      0,
      0,
      0,
      0,
      0,
      0,
      0,
      0,
      0,
      0,
      0,
      0,
      0,
      0,
      0,
      0,
      0,
      0,
      0,
      0,
      0,
      0,
      0,
      0,
      0,
      0,
      0,
      0,
      0,
      0,
      0,
      0,
      0,
      0,
      0,
      0,
      0,
      0,
      0,
      0,
      0,
      0,
      0,
      0,
      0,
      0,
      0,
      0,
      0,
      0,
      0,
      0
    ],
    "answer_match": [
      1.0,
      0.0,
      0.0,
      0.0,
      0.0,
      0.0,
      0.0,
      0.0,
      0.0,
      0.0,
      0.0,
      0.0,
      0.0,
      0.0,
      0.0,
      0.0,
      0.0,
      0.0,
      0.0,
      0.0,
      0.0,
      0.0,
      0.0,
      0.0,
      0.0,
      0.0,
      0.0,
      0.0,
      0.0,
      0.0,
      0.0,
      0.0,
      0.0,
      0.0,
      0.0,
      0.0,
      0.0,
      0.0,
      0.0,
      0.0,
      0.0,
      0.0,
      0.0,
      0.0,
      0.0,
      0.0,
      0.0,
      0.0,
      0.0,
      0.0,
      0.0,
      0.0,
      0.0,
      0.0,
      0.0,
      0.0,
      0.0,
      0.0,
      0.0,
      0.0,
      1.0,
      0.0,
      0.0,
      0.0,
      0.0,
      0.0,
      0.0,
      0.0,
      0.0,
      0.0,
      0.0,
      0.0,
      0.0,
      0.0,
      0.0,
      0.0,
      0.0,
      0.0,
      0.0,
      0.0,
      0.0,
      0.0,
      0.0,
      0.0,
      0.0,
      0.0,
      0.0,
      0.0,
      0.0,
      0.0,
      0.0,
      0.0,
      0.0,
      0.0,
      0.0,
      0.0,
      0.0,
      1.0,
      0.0,
      0.0,
      0.0,
      0.0,
      0.0,
      1.0,
      0.0,
      0.0,
      0.0,
      0.0,
      0.0,
      0.0,
      0.0,
      0.0,
      0.0,
      0.0,
      0.0,
      0.0,
      0.0,
      0.0,
      1.0,
      0.0,
      1.0,
      0.0,
      0.0,
      0.0,
      0.0,
      0.0,
      0.0,
      0.0,
      0.0,
      0.0,
      0.0,
      0.0,
      1.0,
      1.0,
      0.0,
      0.0,
      0.0,
      0.0,
      0.0,
      0.0,
      0.0,
      0.0,
      0.0,
      0.0,
      1.0,
      1.0,
      0.0,
      1.0,
      0.0,
      1.0
    ],
    "answer_length": [
      1994.0,
      2024.0,
      2329.0,
      2325.0,
      2277.0,
      2461.0,
      2405.0,
      2372.0,
      2442.0,
      2558.0,
      2720.0,
      2858.0,
      2727.0,
      2806.0,
      2757.0,
      2946.0,
      2926.0,
      2912.0,
      2899.0,
      2917.0,
      2823.0,
      2766.0,
      2892.0,
      3015.0,
      3081.0,
      3045.0,
      3148.0,
      3133.0,
      3163.0,
      3253.0,
      3234.0,
      3375.0,
      3156.0,
      3254.0,
      3086.0,
      3367.0,
      3322.0,
      3435.0,
      3470.0,
      3511.0,
      3554.0,
      3419.0,
      3485.0,
      3490.0,
      3463.0,
      3422.0,
      3558.0,
      3704.0,
      3773.0,
      3676.0,
      3770.0,
      3744.0,
      3624.0,
      3809.0,
      3616.0,
      3823.0,
      3805.0,
      3942.0,
      3878.0,
      3899.0,
      4158.0,
      3934.0,
      4098.0,
      4015.0,
      4259.0,
      4227.0,
      4272.0,
      4267.0,
      4491.0,
      4273.0,
      4465.0,
      4340.0,
      4434.0,
      4510.0,
      4670.0,
      4591.0,
      4768.0,
      5025.0,
      4746.0,
      5133.0,
      5159.0,
      5068.0,
      5106.0,
      5013.0,
      4802.0,
      5136.0,
      5156.0,
      5329.0,
      5280.0,
      5173.0,
      5360.0,
      4981.0,
      5457.0,
      5210.0,
      5355.0,
      5529.0,
      5751.0,
      6097.0,
      6145.0,
      6063.0,
      6127.0,
      6337.0,
      6324.0,
      6603.0,
      6453.0,
      6878.0,
      6555.0,
      6760.0,
      6806.0,
      7053.0,
      7800.0,
      7915.0,
      8028.0,
      7455.0,
      7892.0,
      8295.0,
      8255.0,
      8344.0,
      8929.0,
      8497.0,
      8784.0,
      9043.0,
      9013.0,
      8872.0,
      8893.0,
      8722.0,
      9965.0,
      9956.0,
      9563.0,
      9906.0,
      9832.0,
      10603.0,
      10592.0,
      10589.0,
      10661.0,
      10835.0,
      12028.0,
      12206.0,
      11506.0,
      12819.0,
      12762.0,
      12715.0,
      12746.0,
      12259.0,
      13997.0,
      13676.0,
      13552.0,
      14805.0,
      16533.0,
      26839.0
    ]
  },
  "evaluation_metadata": {
    "distribution_type": "ind",
    "use_base_model": false,
    "results_yaml": "results/notify_scores_kwf_to_syc_t9_seed44_v1/eval_behaviour_ind.yaml"
  }
}