{
  "metric_means": {
    "no_answer_found": 0.0,
    "answer_match": 0.06,
    "answer_length": 6598.44
  },
  "metric_std": {
    "no_answer_found": 0.0,
    "answer_match": 0.23748684174075832,
    "answer_length": 3443.0905389973896
  },
  "metric_values": {
    "no_answer_found": [
      0,
      0,
      0,
      0,
      0,
      0,
      0,
      0,
      0,
      0,
      0,
      0,
      0,
      0,
      0,
      0,
      0,
      0,
      0,
      0,
      0,
      0,
      0,
      0,
      0,
      0,
      0,
      0,
      0,
      0,
      0,
      0,
      0,
      0,
      0,
      0,
      0,
      0,
      0,
      0,
      0,
      0,
      0,
      0,
      0,
      0,
      0,
      0,
      0,
      0,
      0,
      0,
      0,
      0,
      0,
      0,
      0,
      0,
      0,
      0,
      0,
      0,
      0,
      0,
      0,
      0,
      0,
      0,
      0,
      0,
      0,
      0,
      0,
      0,
      0,
      0,
      0,
      0,
      0,
      0,
      0,
      0,
      0,
      0,
      0,
      0,
      0,
      0,
      0,
      0,
      0,
      0,
      0,
      0,
      0,
      0,
      0,
      0,
      0,
      0,
      0,
      0,
      0,
      0,
      0,
      0,
      0,
      0,
      0,
      0,
      0,
      0,
      0,
      0,
      0,
      0,
      0,
      0,
      0,
      0,
      0,
      0,
      0,
      0,
      0,
      0,
      0,
      0,
      0,
      0,
      0,
      0,
      0,
      0,
      0,
      0,
      0,
      0,
      0,
      0,
      0,
      0,
      0,
      0,
      0,
      0,
      0,
      0,
      0,
      0
    ],
    "answer_match": [
      0.0,
      0.0,
      0.0,
      0.0,
      0.0,
      0.0,
      0.0,
      0.0,
      0.0,
      0.0,
      0.0,
      0.0,
      0.0,
      0.0,
      0.0,
      0.0,
      0.0,
      0.0,
      0.0,
      0.0,
      0.0,
      0.0,
      0.0,
      1.0,
      0.0,
      0.0,
      0.0,
      0.0,
      0.0,
      0.0,
      0.0,
      0.0,
      0.0,
      0.0,
      0.0,
      0.0,
      0.0,
      0.0,
      0.0,
      0.0,
      0.0,
      0.0,
      0.0,
      0.0,
      0.0,
      0.0,
      0.0,
      0.0,
      0.0,
      0.0,
      0.0,
      0.0,
      0.0,
      0.0,
      0.0,
      0.0,
      0.0,
      0.0,
      0.0,
      0.0,
      0.0,
      0.0,
      0.0,
      0.0,
      0.0,
      0.0,
      0.0,
      0.0,
      0.0,
      0.0,
      0.0,
      0.0,
      0.0,
      0.0,
      0.0,
      0.0,
      0.0,
      0.0,
      0.0,
      0.0,
      0.0,
      0.0,
      0.0,
      0.0,
      0.0,
      0.0,
      0.0,
      0.0,
      0.0,
      0.0,
      0.0,
      0.0,
      0.0,
      0.0,
      0.0,
      0.0,
      0.0,
      0.0,
      0.0,
      0.0,
      0.0,
      0.0,
      0.0,
      0.0,
      1.0,
      0.0,
      0.0,
      0.0,
      0.0,
      0.0,
      1.0,
      0.0,
      0.0,
      0.0,
      0.0,
      0.0,
      0.0,
      1.0,
      0.0,
      0.0,
      0.0,
      0.0,
      0.0,
      0.0,
      0.0,
      1.0,
      0.0,
      0.0,
      0.0,
      0.0,
      0.0,
      1.0,
      0.0,
      0.0,
      0.0,
      0.0,
      1.0,
      0.0,
      1.0,
      0.0,
      0.0,
      0.0,
      0.0,
      0.0,
      0.0,
      0.0,
      0.0,
      1.0,
      0.0,
      0.0
    ],
    "answer_length": [
      2188.0,
      2334.0,
      2467.0,
      2498.0,
      2757.0,
      2687.0,
      2804.0,
      2684.0,
      2870.0,
      2841.0,
      3037.0,
      3149.0,
      2942.0,
      3172.0,
      3180.0,
      3312.0,
      3311.0,
      3197.0,
      3127.0,
      3205.0,
      3285.0,
      3199.0,
      3323.0,
      3494.0,
      3274.0,
      3478.0,
      3481.0,
      3599.0,
      3492.0,
      3664.0,
      3541.0,
      3395.0,
      3297.0,
      3519.0,
      3696.0,
      3677.0,
      3746.0,
      3674.0,
      3785.0,
      3827.0,
      3788.0,
      3890.0,
      3812.0,
      3969.0,
      4035.0,
      4027.0,
      4145.0,
      4031.0,
      4304.0,
      4266.0,
      4134.0,
      4416.0,
      4414.0,
      4415.0,
      4529.0,
      4626.0,
      4626.0,
      5086.0,
      5075.0,
      4854.0,
      4819.0,
      4960.0,
      4952.0,
      5139.0,
      4931.0,
      5127.0,
      5109.0,
      5301.0,
      5565.0,
      5466.0,
      5314.0,
      5250.0,
      5435.0,
      5092.0,
      5698.0,
      5879.0,
      5960.0,
      5753.0,
      5658.0,
      5786.0,
      5837.0,
      6480.0,
      6199.0,
      6268.0,
      6241.0,
      6031.0,
      6686.0,
      6741.0,
      6873.0,
      6890.0,
      7114.0,
      6685.0,
      7141.0,
      6538.0,
      7446.0,
      7328.0,
      7139.0,
      7104.0,
      7217.0,
      7171.0,
      7769.0,
      7562.0,
      7774.0,
      7450.0,
      8533.0,
      8238.0,
      8615.0,
      8296.0,
      8772.0,
      9214.0,
      8934.0,
      8888.0,
      9270.0,
      9020.0,
      9375.0,
      9194.0,
      9111.0,
      9562.0,
      9143.0,
      8923.0,
      9493.0,
      9557.0,
      9468.0,
      9772.0,
      9757.0,
      9340.0,
      10072.0,
      9666.0,
      10147.0,
      9905.0,
      9851.0,
      11293.0,
      10936.0,
      10945.0,
      10934.0,
      11397.0,
      11768.0,
      10890.0,
      12154.0,
      11070.0,
      12551.0,
      12557.0,
      13227.0,
      13660.0,
      13968.0,
      15377.0,
      15439.0,
      17455.0,
      17109.0,
      19392.0
    ]
  },
  "evaluation_metadata": {
    "in_distribution": true,
    "use_base_model": false,
    "results_yaml": "results/notify_scores_to_syc_t9_seed46_v1/eval_behaviour_ind.yaml"
  }
}