{
  "metric_means": {
    "no_answer_found": 0.0,
    "answer_match": 0.04,
    "answer_length": 4539.1466666666665
  },
  "metric_std": {
    "no_answer_found": 0.0,
    "answer_match": 0.19595917942265423,
    "answer_length": 2931.6523813637173
  },
  "metric_values": {
    "no_answer_found": [
      0,
      0,
      0,
      0,
      0,
      0,
      0,
      0,
      0,
      0,
      0,
      0,
      0,
      0,
      0,
      0,
      0,
      0,
      0,
      0,
      0,
      0,
      0,
      0,
      0,
      0,
      0,
      0,
      0,
      0,
      0,
      0,
      0,
      0,
      0,
      0,
      0,
      0,
      0,
      0,
      0,
      0,
      0,
      0,
      0,
      0,
      0,
      0,
      0,
      0,
      0,
      0,
      0,
      0,
      0,
      0,
      0,
      0,
      0,
      0,
      0,
      0,
      0,
      0,
      0,
      0,
      0,
      0,
      0,
      0,
      0,
      0,
      0,
      0,
      0,
      0,
      0,
      0,
      0,
      0,
      0,
      0,
      0,
      0,
      0,
      0,
      0,
      0,
      0,
      0,
      0,
      0,
      0,
      0,
      0,
      0,
      0,
      0,
      0,
      0,
      0,
      0,
      0,
      0,
      0,
      0,
      0,
      0,
      0,
      0,
      0,
      0,
      0,
      0,
      0,
      0,
      0,
      0,
      0,
      0,
      0,
      0,
      0,
      0,
      0,
      0,
      0,
      0,
      0,
      0,
      0,
      0,
      0,
      0,
      0,
      0,
      0,
      0,
      0,
      0,
      0,
      0,
      0,
      0,
      0,
      0,
      0,
      0,
      0,
      0
    ],
    "answer_match": [
      0.0,
      0.0,
      0.0,
      0.0,
      0.0,
      0.0,
      0.0,
      0.0,
      0.0,
      0.0,
      0.0,
      0.0,
      0.0,
      0.0,
      0.0,
      0.0,
      0.0,
      0.0,
      0.0,
      0.0,
      0.0,
      0.0,
      0.0,
      0.0,
      0.0,
      0.0,
      0.0,
      0.0,
      0.0,
      0.0,
      0.0,
      0.0,
      0.0,
      0.0,
      0.0,
      0.0,
      0.0,
      0.0,
      0.0,
      0.0,
      0.0,
      0.0,
      0.0,
      0.0,
      0.0,
      0.0,
      0.0,
      0.0,
      0.0,
      0.0,
      0.0,
      0.0,
      1.0,
      0.0,
      0.0,
      0.0,
      0.0,
      0.0,
      0.0,
      0.0,
      0.0,
      0.0,
      0.0,
      0.0,
      0.0,
      0.0,
      1.0,
      0.0,
      0.0,
      0.0,
      0.0,
      0.0,
      0.0,
      0.0,
      1.0,
      0.0,
      0.0,
      0.0,
      0.0,
      0.0,
      0.0,
      0.0,
      0.0,
      0.0,
      0.0,
      0.0,
      0.0,
      0.0,
      0.0,
      0.0,
      0.0,
      0.0,
      1.0,
      0.0,
      0.0,
      0.0,
      0.0,
      0.0,
      0.0,
      0.0,
      0.0,
      0.0,
      0.0,
      0.0,
      0.0,
      0.0,
      0.0,
      0.0,
      0.0,
      0.0,
      0.0,
      0.0,
      0.0,
      0.0,
      0.0,
      0.0,
      0.0,
      0.0,
      0.0,
      0.0,
      0.0,
      0.0,
      0.0,
      0.0,
      0.0,
      0.0,
      0.0,
      0.0,
      0.0,
      0.0,
      0.0,
      0.0,
      0.0,
      0.0,
      0.0,
      0.0,
      0.0,
      1.0,
      0.0,
      0.0,
      0.0,
      0.0,
      0.0,
      0.0,
      0.0,
      1.0,
      0.0,
      0.0,
      0.0,
      0.0
    ],
    "answer_length": [
      1692.0,
      1779.0,
      1843.0,
      1883.0,
      1961.0,
      1995.0,
      1981.0,
      2023.0,
      2000.0,
      1942.0,
      2101.0,
      2038.0,
      2260.0,
      2175.0,
      2153.0,
      2172.0,
      2239.0,
      2077.0,
      2279.0,
      2272.0,
      2265.0,
      2346.0,
      2282.0,
      2207.0,
      2294.0,
      2189.0,
      2253.0,
      2347.0,
      2311.0,
      2544.0,
      2341.0,
      2303.0,
      2369.0,
      2212.0,
      2421.0,
      2404.0,
      2482.0,
      2572.0,
      2568.0,
      2529.0,
      2295.0,
      2589.0,
      2586.0,
      2616.0,
      2710.0,
      2666.0,
      2826.0,
      2638.0,
      2842.0,
      2840.0,
      2951.0,
      2625.0,
      2889.0,
      2625.0,
      2768.0,
      3102.0,
      2852.0,
      2836.0,
      3022.0,
      3162.0,
      3140.0,
      3021.0,
      3056.0,
      3108.0,
      3141.0,
      3230.0,
      3167.0,
      3492.0,
      3183.0,
      3402.0,
      3573.0,
      3728.0,
      3573.0,
      3817.0,
      3715.0,
      3548.0,
      3638.0,
      3680.0,
      3659.0,
      3535.0,
      3765.0,
      3771.0,
      4250.0,
      3779.0,
      3816.0,
      4009.0,
      4115.0,
      4058.0,
      4216.0,
      4360.0,
      4319.0,
      4027.0,
      4133.0,
      4453.0,
      4443.0,
      4220.0,
      4561.0,
      4250.0,
      4457.0,
      4615.0,
      4936.0,
      5056.0,
      4794.0,
      4844.0,
      4985.0,
      4911.0,
      5173.0,
      4836.0,
      5336.0,
      5490.0,
      5243.0,
      5389.0,
      5411.0,
      5446.0,
      5545.0,
      5426.0,
      5822.0,
      6205.0,
      6080.0,
      5822.0,
      6263.0,
      6060.0,
      6295.0,
      6606.0,
      6655.0,
      7012.0,
      6836.0,
      7257.0,
      7337.0,
      7398.0,
      7547.0,
      7793.0,
      7533.0,
      7994.0,
      7998.0,
      8582.0,
      8424.0,
      9351.0,
      9084.0,
      9713.0,
      9603.0,
      10159.0,
      10353.0,
      10328.0,
      10865.0,
      11510.0,
      14381.0,
      14640.0,
      15803.0,
      19175.0
    ]
  },
  "evaluation_metadata": {
    "in_distribution": true,
    "use_base_model": false,
    "results_yaml": "results/notify_scores_to_syc_baseline_seed42_v1/eval_behaviour_ind.yaml"
  }
}