{
  "metric_means": {
    "no_answer_found": 0.02,
    "answer_match": 0.07482993197278912,
    "answer_length": 5078.626666666667
  },
  "metric_std": {
    "no_answer_found": 0.13999999999999999,
    "answer_match": 0.2631167293307989,
    "answer_length": 4010.6620759282237
  },
  "metric_values": {
    "no_answer_found": [
      0,
      0,
      0,
      0,
      0,
      0,
      0,
      0,
      0,
      0,
      0,
      0,
      0,
      0,
      0,
      0,
      0,
      0,
      0,
      0,
      0,
      0,
      0,
      0,
      0,
      0,
      0,
      0,
      0,
      0,
      0,
      0,
      0,
      0,
      0,
      0,
      0,
      0,
      0,
      0,
      0,
      0,
      0,
      0,
      0,
      0,
      0,
      0,
      0,
      0,
      0,
      0,
      0,
      0,
      0,
      0,
      0,
      0,
      0,
      0,
      0,
      0,
      0,
      0,
      0,
      0,
      0,
      0,
      0,
      0,
      0,
      0,
      0,
      0,
      0,
      0,
      0,
      0,
      0,
      0,
      0,
      0,
      0,
      0,
      0,
      0,
      0,
      0,
      0,
      0,
      0,
      0,
      0,
      0,
      0,
      0,
      0,
      0,
      0,
      0,
      0,
      0,
      0,
      0,
      0,
      0,
      0,
      0,
      0,
      0,
      0,
      0,
      0,
      0,
      0,
      0,
      0,
      0,
      0,
      0,
      0,
      0,
      0,
      0,
      0,
      0,
      0,
      0,
      0,
      0,
      0,
      0,
      0,
      0,
      0,
      0,
      0,
      0,
      0,
      0,
      0,
      0,
      0,
      0,
      0,
      0,
      0,
      1,
      1,
      1
    ],
    "answer_match": [
      0.0,
      0.0,
      0.0,
      0.0,
      0.0,
      0.0,
      0.0,
      0.0,
      0.0,
      0.0,
      0.0,
      0.0,
      0.0,
      0.0,
      0.0,
      0.0,
      0.0,
      0.0,
      0.0,
      0.0,
      0.0,
      0.0,
      0.0,
      1.0,
      0.0,
      0.0,
      0.0,
      0.0,
      0.0,
      0.0,
      0.0,
      0.0,
      0.0,
      0.0,
      0.0,
      0.0,
      0.0,
      0.0,
      0.0,
      0.0,
      0.0,
      0.0,
      0.0,
      0.0,
      0.0,
      0.0,
      0.0,
      0.0,
      0.0,
      0.0,
      0.0,
      0.0,
      0.0,
      0.0,
      0.0,
      0.0,
      0.0,
      1.0,
      0.0,
      0.0,
      0.0,
      0.0,
      0.0,
      0.0,
      0.0,
      0.0,
      1.0,
      0.0,
      1.0,
      0.0,
      0.0,
      1.0,
      0.0,
      0.0,
      0.0,
      0.0,
      0.0,
      0.0,
      0.0,
      0.0,
      0.0,
      0.0,
      0.0,
      0.0,
      0.0,
      0.0,
      0.0,
      0.0,
      0.0,
      0.0,
      0.0,
      0.0,
      0.0,
      0.0,
      0.0,
      0.0,
      0.0,
      1.0,
      0.0,
      0.0,
      0.0,
      0.0,
      0.0,
      0.0,
      0.0,
      0.0,
      0.0,
      0.0,
      0.0,
      0.0,
      0.0,
      0.0,
      0.0,
      0.0,
      0.0,
      0.0,
      0.0,
      0.0,
      1.0,
      0.0,
      0.0,
      0.0,
      0.0,
      0.0,
      0.0,
      0.0,
      0.0,
      0.0,
      0.0,
      0.0,
      0.0,
      1.0,
      0.0,
      0.0,
      0.0,
      0.0,
      0.0,
      1.0,
      0.0,
      0.0,
      0.0,
      0.0,
      0.0,
      1.0,
      1.0,
      0.0,
      0.0,
      NaN,
      NaN,
      NaN
    ],
    "answer_length": [
      1289.0,
      1464.0,
      1372.0,
      1465.0,
      1544.0,
      1533.0,
      1585.0,
      1615.0,
      1697.0,
      1738.0,
      1733.0,
      1713.0,
      1707.0,
      1767.0,
      1840.0,
      1807.0,
      1874.0,
      1862.0,
      1873.0,
      1988.0,
      2000.0,
      1990.0,
      2045.0,
      2141.0,
      2156.0,
      2170.0,
      2111.0,
      2073.0,
      2223.0,
      2336.0,
      2240.0,
      2129.0,
      2208.0,
      2312.0,
      2250.0,
      2185.0,
      2251.0,
      2342.0,
      2322.0,
      2143.0,
      2320.0,
      2397.0,
      2393.0,
      2567.0,
      2366.0,
      2479.0,
      2450.0,
      2544.0,
      2456.0,
      2705.0,
      2563.0,
      2650.0,
      2581.0,
      2949.0,
      2750.0,
      2763.0,
      2708.0,
      2883.0,
      2697.0,
      2799.0,
      3006.0,
      3006.0,
      2975.0,
      2980.0,
      3084.0,
      3317.0,
      3346.0,
      3260.0,
      3356.0,
      3372.0,
      3478.0,
      3578.0,
      3483.0,
      3479.0,
      3292.0,
      3584.0,
      3614.0,
      3457.0,
      3693.0,
      3689.0,
      3692.0,
      3397.0,
      3878.0,
      3747.0,
      3991.0,
      4268.0,
      4081.0,
      4104.0,
      4126.0,
      4343.0,
      4593.0,
      4408.0,
      4548.0,
      4516.0,
      4498.0,
      4314.0,
      4609.0,
      4686.0,
      4430.0,
      4624.0,
      4519.0,
      4899.0,
      4911.0,
      4954.0,
      5331.0,
      5164.0,
      5183.0,
      5379.0,
      5490.0,
      5889.0,
      5822.0,
      6201.0,
      6225.0,
      6460.0,
      7038.0,
      7302.0,
      6808.0,
      7173.0,
      7616.0,
      7645.0,
      7378.0,
      7848.0,
      8033.0,
      8726.0,
      9084.0,
      9222.0,
      9496.0,
      9201.0,
      9907.0,
      9319.0,
      9778.0,
      10419.0,
      10363.0,
      10815.0,
      10969.0,
      11431.0,
      11859.0,
      11880.0,
      12107.0,
      13065.0,
      12542.0,
      13035.0,
      13621.0,
      15241.0,
      15682.0,
      16852.0,
      17540.0,
      18527.0,
      18298.0,
      18532.0
    ]
  }
}